date,vix_close,nasdaq_close
2018-10-01,12.0,8037.2998046875
2018-10-02,12.050000190734863,7999.5498046875
2018-10-03,11.609999656677246,8025.08984375
2018-10-04,14.220000267028809,7879.509765625
2018-10-05,14.819999694824219,7788.4501953125
2018-10-08,15.6899995803833,7735.9501953125
2018-10-09,15.949999809265137,7738.02001953125
2018-10-10,22.959999084472656,7422.0498046875
2018-10-11,24.979999542236328,7329.06005859375
2018-10-12,21.309999465942383,7496.89013671875
2018-10-15,21.299999237060547,7430.740234375
2018-10-16,17.6200008392334,7645.490234375
2018-10-17,17.399999618530273,7642.7001953125
2018-10-18,20.059999465942383,7485.14013671875
2018-10-19,19.889999389648438,7449.02978515625
2018-10-22,19.639999389648438,7468.6298828125
2018-10-23,20.709999084472656,7437.5400390625
2018-10-24,25.229999542236328,7108.39990234375
2018-10-25,24.219999313354492,7318.33984375
2018-10-26,24.15999984741211,7167.2099609375
2018-10-29,24.700000762939453,7050.2900390625
2018-10-30,23.350000381469727,7161.64990234375
2018-10-31,21.229999542236328,7305.89990234375
2018-11-01,19.34000015258789,7434.06005859375
2018-11-02,19.510000228881836,7356.990234375
2018-11-05,19.959999084472656,7328.85009765625
2018-11-06,19.90999984741211,7375.9599609375
2018-11-07,16.360000610351562,7570.75
2018-11-08,16.719999313354492,7530.8798828125
2018-11-09,17.360000610351562,7406.89990234375
2018-11-12,20.450000762939453,7200.8701171875
2018-11-13,20.020000457763672,7200.8701171875
2018-11-14,21.25,7136.39013671875
2018-11-15,19.979999542236328,7259.02978515625
2018-11-16,18.139999389648438,7247.8701171875
2018-11-19,20.100000381469727,7028.47998046875
2018-11-20,22.479999542236328,6908.81982421875
2018-11-21,20.799999237060547,6972.25
2018-11-23,21.520000457763672,6938.97998046875
2018-11-26,18.899999618530273,7081.85009765625
2018-11-27,19.020000457763672,7082.7001953125
2018-11-28,18.489999771118164,7291.58984375
2018-11-29,18.790000915527344,7273.080078125
2018-11-30,18.06999969482422,7330.5400390625
2018-12-03,16.440000534057617,7441.509765625
2018-12-04,20.739999771118164,7158.43017578125
2018-12-06,21.190000534057617,7188.259765625
2018-12-07,23.229999542236328,6969.25
2018-12-10,22.639999389648438,7020.52001953125
2018-12-11,21.760000228881836,7031.830078125
2018-12-12,21.459999084472656,7098.31005859375
2018-12-13,20.649999618530273,7070.330078125
2018-12-14,21.6299991607666,6910.66015625
2018-12-17,24.520000457763672,6753.72998046875
2018-12-18,25.579999923706055,6783.91015625
2018-12-19,25.579999923706055,6636.830078125
2018-12-20,28.3799991607666,6528.41015625
2018-12-21,30.110000610351562,6332.990234375
2018-12-24,36.06999969482422,6192.919921875
2018-12-26,30.40999984741211,6554.35986328125
2018-12-27,29.959999084472656,6579.490234375
2018-12-28,28.34000015258789,6584.52001953125
2018-12-31,25.420000076293945,6635.27978515625
2019-01-02,23.219999313354492,6665.93994140625
2019-01-03,25.450000762939453,6463.5
2019-01-04,21.3799991607666,6738.85986328125
2019-01-07,21.399999618530273,6823.47021484375
2019-01-08,20.469999313354492,6897.0
2019-01-09,19.979999542236328,6957.080078125
2019-01-10,19.5,6986.06982421875
2019-01-11,18.190000534057617,6971.47998046875
2019-01-14,19.06999969482422,6905.919921875
2019-01-15,18.600000381469727,7023.830078125
2019-01-16,19.040000915527344,7034.68994140625
2019-01-17,18.059999465942383,7084.4599609375
2019-01-18,17.799999237060547,7157.22998046875
2019-01-22,20.799999237060547,7020.35986328125
2019-01-23,19.520000457763672,7025.77001953125
2019-01-24,18.889999389648438,7073.4599609375
2019-01-25,17.420000076293945,7164.85986328125
2019-01-28,18.8700008392334,7085.68017578125
2019-01-29,19.1299991607666,7028.2900390625
2019-01-30,17.65999984741211,7183.080078125
2019-01-31,16.56999969482422,7281.740234375
2019-02-01,16.139999389648438,7263.8701171875
2019-02-04,15.729999542236328,7347.5400390625
2019-02-05,15.569999694824219,7402.080078125
2019-02-06,15.380000114440918,7375.27978515625
2019-02-07,16.3700008392334,7288.35009765625
2019-02-08,15.720000267028809,7298.2001953125
2019-02-11,15.970000267028809,7307.89990234375
2019-02-12,15.430000305175781,7414.6201171875
2019-02-13,15.649999618530273,7420.3798828125
2019-02-14,16.219999313354492,7426.9501953125
2019-02-15,14.90999984741211,7472.41015625
2019-02-19,14.880000114440918,7486.77001953125
2019-02-20,14.020000457763672,7489.06982421875
2019-02-21,14.460000038146973,7459.7099609375
2019-02-22,13.510000228881836,7527.5400390625
2019-02-25,14.850000381469727,7554.4599609375
2019-02-26,15.170000076293945,7549.2998046875
2019-02-27,14.699999809265137,7554.509765625
2019-02-28,14.779999732971191,7532.52978515625
2019-03-01,13.569999694824219,7595.35009765625
2019-03-04,14.630000114440918,7577.56982421875
2019-03-05,14.739999771118164,7576.35986328125
2019-03-06,15.739999771118164,7505.919921875
2019-03-07,16.59000015258789,7421.4599609375
2019-03-08,16.049999237060547,7408.14013671875
2019-03-11,14.329999923706055,7558.06005859375
2019-03-12,13.770000457763672,7591.02978515625
2019-03-13,13.40999984741211,7643.41015625
2019-03-14,13.5,7630.91015625
2019-03-15,12.880000114440918,7688.52978515625
2019-03-18,13.100000381469727,7714.47998046875
2019-03-19,13.5600004196167,7723.9501953125
2019-03-20,13.90999984741211,7728.97021484375
2019-03-21,13.630000114440918,7838.9599609375
2019-03-22,16.479999542236328,7642.669921875
2019-03-25,16.329999923706055,7637.5400390625
2019-03-26,14.680000305175781,7691.52001953125
2019-03-27,15.149999618530273,7643.3798828125
2019-03-28,14.430000305175781,7669.169921875
2019-03-29,13.710000038146973,7729.31982421875
2019-04-01,13.399999618530273,7828.91015625
2019-04-02,13.359999656677246,7848.68994140625
2019-04-03,13.739999771118164,7895.5498046875
2019-04-04,13.579999923706055,7891.77978515625
2019-04-05,12.819999694824219,7938.68994140625
2019-04-08,13.180000305175781,7953.8798828125
2019-04-09,14.279999732971191,7909.27978515625
2019-04-10,13.300000190734863,7964.240234375
2019-04-11,13.020000457763672,7947.35986328125
2019-04-12,12.010000228881836,7984.16015625
2019-04-15,12.319999694824219,7976.009765625
2019-04-16,12.180000305175781,8000.22998046875
2019-04-17,12.600000381469727,7996.080078125
2019-04-18,12.09000015258789,7998.06005859375
2019-04-22,12.420000076293945,8015.27001953125
2019-04-23,12.279999732971191,8120.81982421875
2019-04-24,13.140000343322754,8102.009765625
2019-04-25,13.25,8118.68017578125
2019-04-26,12.729999542236328,8146.39990234375
2019-04-29,13.109999656677246,8161.85009765625
2019-04-30,13.119999885559082,8095.39013671875
2019-05-01,14.800000190734863,8049.64013671875
2019-05-02,14.420000076293945,8036.77001953125
2019-05-03,12.869999885559082,8164.0
2019-05-06,15.4399995803833,8123.2900390625
2019-05-07,19.31999969482422,7963.759765625
2019-05-08,19.399999618530273,7943.31982421875
2019-05-09,19.100000381469727,7910.58984375
2019-05-10,16.040000915527344,7916.93994140625
2019-05-13,20.549999237060547,7647.02001953125
2019-05-14,18.059999465942383,7734.490234375
2019-05-15,16.440000534057617,7822.14990234375
2019-05-16,15.289999961853027,7898.0498046875
2019-05-17,15.960000038146973,7816.27978515625
2019-05-20,16.309999465942383,7702.3798828125
2019-05-21,14.949999809265137,7785.72021484375
2019-05-22,14.75,7750.83984375
2019-05-23,16.920000076293945,7628.27978515625
2019-05-24,15.850000381469727,7637.009765625
2019-05-28,17.5,7607.35009765625
2019-05-29,17.899999618530273,7547.31005859375
2019-05-30,17.299999237060547,7567.72021484375
2019-05-31,18.709999084472656,7453.14990234375
2019-06-03,18.860000610351562,7333.02001953125
2019-06-04,16.969999313354492,7527.1201171875
2019-06-05,16.09000015258789,7575.47998046875
2019-06-06,15.930000305175781,7615.5498046875
2019-06-07,16.299999237060547,7742.10009765625
2019-06-10,15.9399995803833,7823.169921875
2019-06-11,15.989999771118164,7822.56982421875
2019-06-12,15.90999984741211,7792.72021484375
2019-06-13,15.819999694824219,7837.1298828125
2019-06-14,15.279999732971191,7796.66015625
2019-06-17,15.350000381469727,7845.02001953125
2019-06-18,15.149999618530273,7953.8798828125
2019-06-19,14.329999923706055,7987.31982421875
2019-06-20,14.75,8051.33984375
2019-06-21,15.399999618530273,8031.7099609375
2019-06-24,15.260000228881836,8005.7001953125
2019-06-25,16.280000686645508,7884.72021484375
2019-06-26,16.209999084472656,7909.97021484375
2019-06-27,15.819999694824219,7967.759765625
2019-06-28,15.079999923706055,8006.240234375
2019-07-01,14.0600004196167,8091.16015625
2019-07-02,12.930000305175781,8109.08984375
2019-07-03,12.569999694824219,8170.22998046875
2019-07-05,13.279999732971191,8161.7900390625
2019-07-08,13.960000038146973,8098.3798828125
2019-07-09,14.09000015258789,8141.72998046875
2019-07-10,13.029999732971191,8202.5302734375
2019-07-11,12.930000305175781,8196.0400390625
2019-07-12,12.390000343322754,8244.1396484375
2019-07-15,12.680000305175781,8258.1904296875
2019-07-16,12.859999656677246,8222.7998046875
2019-07-17,13.970000267028809,8185.2099609375
2019-07-18,13.529999732971191,8207.240234375
2019-07-19,14.449999809265137,8146.490234375
2019-07-22,13.529999732971191,8204.1396484375
2019-07-23,12.609999656677246,8251.400390625
2019-07-24,12.069999694824219,8321.5
2019-07-25,12.739999771118164,8238.5400390625
2019-07-26,12.15999984741211,8330.2099609375
2019-07-29,12.829999923706055,8293.330078125
2019-07-30,13.9399995803833,8273.6103515625
2019-07-31,16.1200008392334,8175.419921875
2019-08-01,17.8700008392334,8111.1201171875
2019-08-02,17.610000610351562,8004.06982421875
2019-08-05,24.59000015258789,7726.0400390625
2019-08-06,20.170000076293945,7833.27001953125
2019-08-07,19.489999771118164,7862.830078125
2019-08-08,16.90999984741211,8039.16015625
2019-08-09,17.969999313354492,7959.14013671875
2019-08-12,21.09000015258789,7863.41015625
2019-08-13,17.520000457763672,8016.35986328125
2019-08-14,22.100000381469727,7773.93994140625
2019-08-15,21.18000030517578,7766.6201171875
2019-08-16,18.469999313354492,7895.990234375
2019-08-19,16.8799991607666,8002.81005859375
2019-08-20,17.5,7948.56005859375
2019-08-21,15.800000190734863,8020.2099609375
2019-08-22,16.68000030517578,7991.39013671875
2019-08-23,19.8700008392334,7751.77001953125
2019-08-26,19.31999969482422,7853.740234375
2019-08-27,20.309999465942383,7826.9501953125
2019-08-28,19.350000381469727,7856.8798828125
2019-08-29,17.8799991607666,7973.39013671875
2019-08-30,18.979999542236328,7962.8798828125
2019-09-03,19.65999984741211,7874.16015625
2019-09-04,17.329999923706055,7976.8798828125
2019-09-05,16.270000457763672,8116.830078125
2019-09-06,15.0,8103.06982421875
2019-09-09,15.270000457763672,8087.43994140625
2019-09-10,15.199999809265137,8084.16015625
2019-09-11,14.609999656677246,8169.68017578125
2019-09-12,14.220000267028809,8194.4697265625
2019-09-13,13.739999771118164,8176.7099609375
2019-09-16,14.670000076293945,8153.5400390625
2019-09-17,14.4399995803833,8186.02001953125
2019-09-18,13.949999809265137,8177.39013671875
2019-09-19,14.050000190734863,8182.8798828125
2019-09-20,15.319999694824219,8117.669921875
2019-09-23,14.90999984741211,8112.4599609375
2019-09-24,17.049999237060547,7993.6298828125
2019-09-25,15.960000038146973,8077.3798828125
2019-09-26,16.06999969482422,8030.66015625
2019-09-27,17.219999313354492,7939.6298828125
2019-09-30,16.239999771118164,7999.33984375
2019-10-01,18.559999465942383,7908.68017578125
2019-10-02,20.559999465942383,7785.25
2019-10-03,19.1200008392334,7872.259765625
2019-10-04,17.040000915527344,7982.47021484375
2019-10-07,17.860000610351562,7956.2900390625
2019-10-08,20.280000686645508,7823.77978515625
2019-10-09,18.639999389648438,7903.740234375
2019-10-10,17.56999969482422,7950.77978515625
2019-10-11,15.579999923706055,8057.0400390625
2019-10-14,14.569999694824219,8048.64990234375
2019-10-15,13.539999961853027,8148.7099609375
2019-10-16,13.680000305175781,8124.18017578125
2019-10-17,13.789999961853027,8156.85009765625
2019-10-18,14.25,8089.5400390625
2019-10-21,14.0,8162.990234375
2019-10-22,14.460000038146973,8104.2998046875
2019-10-23,14.010000228881836,8119.7900390625
2019-10-24,13.710000038146973,8185.7998046875
2019-10-25,12.649999618530273,8243.1201171875
2019-10-28,13.109999656677246,8325.990234375
2019-10-29,13.199999809265137,8276.849609375
2019-10-30,12.329999923706055,8303.98046875
2019-10-31,13.220000267028809,8292.3603515625
2019-11-01,12.300000190734863,8386.400390625
2019-11-04,12.829999923706055,8433.2001953125
2019-11-05,13.100000381469727,8434.6796875
2019-11-06,12.619999885559082,8410.6298828125
2019-11-07,12.729999542236328,8434.51953125
2019-11-08,12.069999694824219,8475.3095703125
2019-11-11,12.6899995803833,8464.2802734375
2019-11-12,12.680000305175781,8486.08984375
2019-11-13,13.0,8482.099609375
2019-11-14,13.050000190734863,8479.01953125
2019-11-15,12.050000190734863,8540.830078125
2019-11-18,12.460000038146973,8549.9404296875
2019-11-19,12.859999656677246,8570.66015625
2019-11-20,12.779999732971191,8526.73046875
2019-11-21,13.130000114440918,8506.2099609375
2019-11-22,12.34000015258789,8519.8798828125
2019-11-25,11.869999885559082,8632.490234375
2019-11-26,11.539999961853027,8647.9296875
2019-11-27,11.75,8705.1796875
2019-11-29,12.619999885559082,8665.4697265625
2019-12-02,14.90999984741211,8567.990234375
2019-12-03,15.960000038146973,8520.6396484375
2019-12-04,14.800000190734863,8566.669921875
2019-12-05,14.520000457763672,8570.7001953125
2019-12-06,13.619999885559082,8656.5302734375
2019-12-09,15.859999656677246,8621.830078125
2019-12-10,15.680000305175781,8616.1796875
2019-12-11,14.989999771118164,8654.0498046875
2019-12-12,13.9399995803833,8717.3203125
2019-12-13,12.630000114440918,8734.8798828125
2019-12-16,12.140000343322754,8814.23046875
2019-12-17,12.289999961853027,8823.3603515625
2019-12-18,12.579999923706055,8827.740234375
2019-12-19,12.5,8887.2197265625
2019-12-20,12.510000228881836,8924.9599609375
2019-12-23,12.609999656677246,8945.650390625
2019-12-24,12.670000076293945,8952.8798828125
2019-12-26,12.649999618530273,9022.3896484375
2019-12-27,13.430000305175781,9006.6201171875
2019-12-30,14.819999694824219,8945.990234375
2019-12-31,13.779999732971191,8972.599609375
2020-01-02,12.470000267028809,9092.1904296875
2020-01-03,14.020000457763672,9020.76953125
2020-01-06,13.850000381469727,9071.4697265625
2020-01-07,13.789999961853027,9068.580078125
2020-01-08,13.449999809265137,9129.240234375
2020-01-09,12.539999961853027,9203.4296875
2020-01-10,12.5600004196167,9178.8603515625
2020-01-13,12.319999694824219,9273.9296875
2020-01-14,12.390000343322754,9251.330078125
2020-01-15,12.420000076293945,9258.7001953125
2020-01-16,12.319999694824219,9357.1298828125
2020-01-17,12.100000381469727,9388.9404296875
2020-01-21,12.850000381469727,9370.8095703125
2020-01-22,12.90999984741211,9383.76953125
2020-01-23,12.979999542236328,9402.48046875
2020-01-24,14.5600004196167,9314.91015625
2020-01-27,18.229999542236328,9139.3095703125
2020-01-28,16.280000686645508,9269.6796875
2020-01-29,16.389999389648438,9275.16015625
2020-01-30,15.489999771118164,9298.9296875
2020-01-31,18.84000015258789,9150.9404296875
2020-02-03,17.969999313354492,9273.400390625
2020-02-04,16.049999237060547,9467.9697265625
2020-02-05,15.149999618530273,9508.6796875
2020-02-06,14.960000038146973,9572.150390625
2020-02-07,15.470000267028809,9520.509765625
2020-02-10,15.039999961853027,9628.3896484375
2020-02-11,15.180000305175781,9638.9404296875
2020-02-12,13.739999771118164,9725.9599609375
2020-02-13,14.149999618530273,9711.9697265625
2020-02-14,13.680000305175781,9731.1796875
2020-02-18,14.829999923706055,9732.740234375
2020-02-19,14.380000114440918,9817.1796875
2020-02-20,15.5600004196167,9750.9697265625
2020-02-21,17.079999923706055,9576.58984375
2020-02-24,25.030000686645508,9221.2802734375
2020-02-25,27.850000381469727,8965.6103515625
2020-02-26,27.559999465942383,8980.7802734375
2020-02-27,39.15999984741211,8566.48046875
2020-02-28,40.11000061035156,8567.3701171875
2020-03-02,33.41999816894531,8952.169921875
2020-03-03,36.81999969482422,8684.08984375
2020-03-04,31.989999771118164,9018.08984375
2020-03-05,39.619998931884766,8738.58984375
2020-03-06,41.939998626708984,8575.6201171875
2020-03-09,54.459999084472656,7950.68017578125
2020-03-10,47.29999923706055,8344.25
2020-03-11,53.900001525878906,7952.0498046875
2020-03-12,75.47000122070312,7201.7998046875
2020-03-13,57.83000183105469,7874.8798828125
2020-03-16,82.69000244140625,6904.58984375
2020-03-17,75.91000366210938,7334.77978515625
2020-03-18,76.44999694824219,6989.83984375
2020-03-19,72.0,7150.580078125
2020-03-20,66.04000091552734,6879.52001953125
2020-03-23,61.59000015258789,6860.669921875
2020-03-24,61.66999816894531,7417.85986328125
2020-03-25,63.95000076293945,7384.2998046875
2020-03-26,61.0,7797.5400390625
2020-03-27,65.54000091552734,7502.3798828125
2020-03-30,57.08000183105469,7774.14990234375
2020-03-31,53.540000915527344,7700.10009765625
2020-04-01,57.060001373291016,7360.580078125
2020-04-02,50.90999984741211,7487.31005859375
2020-04-03,46.79999923706055,7373.080078125
2020-04-06,45.2400016784668,7913.240234375
2020-04-07,46.70000076293945,7887.259765625
2020-04-08,43.349998474121094,8090.89990234375
2020-04-09,41.66999816894531,8153.580078125
2020-04-13,41.16999816894531,8192.419921875
2020-04-14,37.7599983215332,8515.740234375
2020-04-15,40.84000015258789,8393.1796875
2020-04-16,40.11000061035156,8532.3603515625
2020-04-17,38.150001525878906,8650.1396484375
2020-04-20,43.83000183105469,8560.73046875
2020-04-21,45.40999984741211,8263.23046875
2020-04-22,41.97999954223633,8495.3798828125
2020-04-23,41.380001068115234,8494.75
2020-04-24,35.93000030517578,8634.51953125
2020-04-27,33.290000915527344,8730.16015625
2020-04-28,33.56999969482422,8607.73046875
2020-04-29,31.229999542236328,8914.7099609375
2020-04-30,34.150001525878906,8889.5498046875
2020-05-01,37.189998626708984,8604.9501953125
2020-05-04,35.970001220703125,8710.7099609375
2020-05-05,33.61000061035156,8809.1201171875
2020-05-06,34.119998931884766,8854.3896484375
2020-05-07,31.440000534057617,8979.66015625
2020-05-08,27.979999542236328,9121.3203125
2020-05-11,27.56999969482422,9192.33984375
2020-05-12,33.040000915527344,9002.5498046875
2020-05-13,35.279998779296875,8863.169921875
2020-05-14,32.61000061035156,8943.7197265625
2020-05-15,31.889999389648438,9014.5595703125
2020-05-18,29.299999237060547,9234.830078125
2020-05-19,30.530000686645508,9185.099609375
2020-05-20,27.989999771118164,9375.7802734375
2020-05-21,29.530000686645508,9284.8798828125
2020-05-22,28.15999984741211,9324.58984375
2020-05-26,28.010000228881836,9340.2197265625
2020-05-27,27.6200008392334,9412.3603515625
2020-05-28,28.59000015258789,9368.990234375
2020-05-29,27.510000228881836,9489.8701171875
2020-06-01,28.229999542236328,9552.0498046875
2020-06-02,26.84000015258789,9608.3798828125
2020-06-03,25.65999984741211,9682.91015625
2020-06-04,25.809999465942383,9615.8095703125
2020-06-05,24.520000457763672,9814.080078125
2020-06-08,25.809999465942383,9924.75
2020-06-09,27.56999969482422,9953.75
2020-06-10,27.56999969482422,10020.349609375
2020-06-11,40.790000915527344,9492.73046875
2020-06-12,36.09000015258789,9588.8095703125
2020-06-15,34.400001525878906,9726.01953125
2020-06-16,33.66999816894531,9895.8701171875
2020-06-17,33.470001220703125,9910.5302734375
2020-06-18,32.939998626708984,9943.0498046875
2020-06-19,35.119998931884766,9946.1201171875
2020-06-22,31.770000457763672,10056.48046875
2020-06-23,31.3700008392334,10131.3701171875
2020-06-24,33.84000015258789,9909.169921875
2020-06-25,32.220001220703125,10017.0
2020-06-26,34.72999954223633,9757.2197265625
2020-06-29,31.780000686645508,9874.150390625
2020-06-30,30.43000030517578,10058.76953125
2020-07-01,28.6200008392334,10154.6298828125
2020-07-02,27.68000030517578,10207.6298828125
2020-07-06,27.940000534057617,10433.650390625
2020-07-07,29.43000030517578,10343.8896484375
2020-07-08,28.079999923706055,10492.5
2020-07-09,29.260000228881836,10547.75
2020-07-10,27.290000915527344,10617.4404296875
2020-07-13,32.189998626708984,10390.83984375
2020-07-14,29.520000457763672,10488.580078125
2020-07-15,27.760000228881836,10550.490234375
2020-07-16,28.0,10473.830078125
2020-07-17,25.68000030517578,10503.1904296875
2020-07-20,24.459999084472656,10767.08984375
2020-07-21,24.84000015258789,10680.3603515625
2020-07-22,24.31999969482422,10706.1298828125
2020-07-23,26.079999923706055,10461.419921875
2020-07-24,25.84000015258789,10363.1796875
2020-07-27,24.739999771118164,10536.26953125
2020-07-28,25.440000534057617,10402.08984375
2020-07-29,24.100000381469727,10542.9404296875
2020-07-30,24.760000228881836,10587.8095703125
2020-07-31,24.459999084472656,10745.26953125
2020-08-03,24.280000686645508,10902.7998046875
2020-08-04,23.760000228881836,10941.169921875
2020-08-05,22.989999771118164,10998.400390625
2020-08-06,22.649999618530273,11108.0703125
2020-08-07,22.209999084472656,11010.98046875
2020-08-10,22.1299991607666,10968.3603515625
2020-08-11,24.030000686645508,10782.8203125
2020-08-12,22.280000686645508,11012.240234375
2020-08-13,22.1299991607666,11042.5
2020-08-14,22.049999237060547,11019.2998046875
2020-08-17,21.350000381469727,11129.73046875
2020-08-18,21.510000228881836,11210.83984375
2020-08-19,22.540000915527344,11146.4599609375
2020-08-20,22.719999313354492,11264.9501953125
2020-08-21,22.540000915527344,11311.7998046875
2020-08-24,22.3700008392334,11379.7197265625
2020-08-25,22.030000686645508,11466.4697265625
2020-08-26,23.270000457763672,11665.0595703125
2020-08-27,24.469999313354492,11625.33984375
2020-08-28,22.959999084472656,11695.6298828125
2020-08-31,26.40999984741211,11775.4599609375
2020-09-01,26.1200008392334,11939.669921875
2020-09-02,26.56999969482422,12056.4404296875
2020-09-03,33.599998474121094,11458.099609375
2020-09-04,30.75,11313.1298828125
2020-09-08,31.459999084472656,10847.6904296875
2020-09-09,28.809999465942383,11141.5595703125
2020-09-10,29.709999084472656,10919.58984375
2020-09-11,26.8700008392334,10853.5498046875
2020-09-14,25.850000381469727,11056.650390625
2020-09-15,25.59000015258789,11190.3203125
2020-09-16,26.040000915527344,11050.4697265625
2020-09-17,26.459999084472656,10910.2802734375
2020-09-18,25.829999923706055,10793.2802734375
2020-09-21,27.780000686645508,10778.7998046875
2020-09-22,26.860000610351562,10963.6396484375
2020-09-23,28.579999923706055,10632.990234375
2020-09-24,28.510000228881836,10672.26953125
2020-09-25,26.3799991607666,10913.5595703125
2020-09-28,26.190000534057617,11117.5302734375
2020-09-29,26.270000457763672,11085.25
2020-09-30,26.3700008392334,11167.509765625
2020-10-01,26.700000762939453,11326.509765625
2020-10-02,27.6299991607666,11075.01953125
2020-10-05,27.959999084472656,11332.490234375
2020-10-06,29.479999542236328,11154.599609375
2020-10-07,28.059999465942383,11364.599609375
2020-10-08,26.360000610351562,11420.98046875
2020-10-09,25.0,11579.9404296875
2020-10-12,25.06999969482422,11876.259765625
2020-10-13,26.06999969482422,11863.900390625
2020-10-14,26.399999618530273,11768.73046875
2020-10-15,26.969999313354492,11713.8701171875
2020-10-16,27.40999984741211,11671.5595703125
2020-10-19,29.18000030517578,11478.8798828125
2020-10-20,29.350000381469727,11516.490234375
2020-10-21,28.649999618530273,11484.6904296875
2020-10-22,28.110000610351562,11506.009765625
2020-10-23,27.549999237060547,11548.2802734375
2020-10-26,32.459999084472656,11358.9404296875
2020-10-27,33.349998474121094,11431.349609375
2020-10-28,40.279998779296875,11004.8701171875
2020-10-29,37.59000015258789,11185.58984375
2020-10-30,38.02000045776367,10911.58984375
2020-11-02,37.130001068115234,10957.6103515625
2020-11-03,35.54999923706055,11160.5703125
2020-11-04,29.56999969482422,11590.7802734375
2020-11-05,27.579999923706055,11890.9296875
2020-11-06,24.860000610351562,11895.23046875
2020-11-09,25.75,11713.7802734375
2020-11-10,24.799999237060547,11553.8603515625
2020-11-11,23.450000762939453,11786.4296875
2020-11-12,25.350000381469727,11709.58984375
2020-11-13,23.100000381469727,11829.2900390625
2020-11-16,22.450000762939453,11924.1298828125
2020-11-17,22.709999084472656,11899.33984375
2020-11-18,23.84000015258789,11801.599609375
2020-11-19,23.110000610351562,11904.7099609375
2020-11-20,23.700000762939453,11854.9697265625
2020-11-23,22.65999984741211,11880.6298828125
2020-11-24,21.639999389648438,12036.7900390625
2020-11-25,21.25,12094.400390625
2020-11-27,20.84000015258789,12205.849609375
2020-11-30,20.56999969482422,12198.740234375
2020-12-01,20.770000457763672,12355.1103515625
2020-12-02,21.170000076293945,12349.3701171875
2020-12-03,21.280000686645508,12377.1796875
2020-12-04,20.790000915527344,12464.23046875
2020-12-07,21.299999237060547,12519.9501953125
2020-12-08,20.68000030517578,12582.76953125
2020-12-09,22.270000457763672,12338.9501953125
2020-12-10,22.520000457763672,12405.8095703125
2020-12-11,23.309999465942383,12377.8701171875
2020-12-14,24.719999313354492,12440.0400390625
2020-12-15,22.889999389648438,12595.0595703125
2020-12-16,22.5,12658.1904296875
2020-12-17,21.93000030517578,12764.75
2020-12-18,21.56999969482422,12755.6396484375
2020-12-21,25.15999984741211,12742.51953125
2020-12-22,24.229999542236328,12807.919921875
2020-12-23,23.309999465942383,12771.1103515625
2020-12-24,21.530000686645508,12804.73046875
2020-12-28,21.700000762939453,12899.419921875
2020-12-29,23.079999923706055,12850.2197265625
2020-12-30,22.770000457763672,12870.0
2020-12-31,22.75,12888.2802734375
2021-01-04,26.969999313354492,12698.4501953125
2021-01-05,25.34000015258789,12818.9599609375
2021-01-06,25.06999969482422,12740.7900390625
2021-01-07,22.3700008392334,13067.48046875
2021-01-08,21.559999465942383,13201.98046875
2021-01-11,24.079999923706055,13036.4296875
2021-01-12,23.329999923706055,13072.4296875
2021-01-13,22.209999084472656,13128.9501953125
2021-01-14,23.25,13112.6396484375
2021-01-15,24.34000015258789,12998.5
2021-01-19,23.239999771118164,13197.1796875
2021-01-20,21.579999923706055,13457.25
2021-01-21,21.31999969482422,13530.91015625
2021-01-22,21.90999984741211,13543.0595703125
2021-01-25,23.190000534057617,13635.990234375
2021-01-26,23.020000457763672,13626.0595703125
2021-01-27,37.209999084472656,13270.599609375
2021-01-28,30.209999084472656,13337.16015625
2021-01-29,33.09000015258789,13070.6904296875
2021-02-01,30.239999771118164,13403.3896484375
2021-02-02,25.559999465942383,13612.7802734375
2021-02-03,22.90999984741211,13610.5400390625
2021-02-04,21.770000457763672,13777.740234375
2021-02-05,20.8700008392334,13856.2998046875
2021-02-08,21.239999771118164,13987.6396484375
2021-02-09,21.6299991607666,14007.7001953125
2021-02-10,21.989999771118164,13972.5302734375
2021-02-11,21.25,14025.76953125
2021-02-12,19.969999313354492,14095.4697265625
2021-02-16,21.459999084472656,14047.5
2021-02-17,21.5,13965.490234375
2021-02-18,22.489999771118164,13865.3603515625
2021-02-19,22.049999237060547,13874.4599609375
2021-02-22,23.450000762939453,13533.0498046875
2021-02-23,23.110000610351562,13465.2001953125
2021-02-24,21.34000015258789,13597.9697265625
2021-02-25,28.889999389648438,13119.4296875
2021-02-26,27.950000762939453,13192.349609375
2021-03-01,23.350000381469727,13588.830078125
2021-03-02,24.100000381469727,13358.7900390625
2021-03-03,26.670000076293945,12997.75
2021-03-04,28.56999969482422,12723.4697265625
2021-03-05,24.65999984741211,12920.150390625
2021-03-08,25.469999313354492,12609.16015625
2021-03-09,24.030000686645508,13073.8203125
2021-03-10,22.559999465942383,13068.830078125
2021-03-11,21.90999984741211,13398.669921875
2021-03-12,20.690000534057617,13319.8603515625
2021-03-15,20.030000686645508,13459.7099609375
2021-03-16,19.790000915527344,13471.5703125
2021-03-17,19.229999542236328,13525.2001953125
2021-03-18,21.579999923706055,13116.169921875
2021-03-19,20.950000762939453,13215.240234375
2021-03-22,18.8799991607666,13377.5400390625
2021-03-23,20.299999237060547,13227.7001953125
2021-03-24,21.200000762939453,12961.8896484375
2021-03-25,19.809999465942383,12977.6796875
2021-03-26,18.860000610351562,13138.73046875
2021-03-29,20.739999771118164,13059.650390625
2021-03-30,19.610000610351562,13045.3896484375
2021-03-31,19.399999618530273,13246.8701171875
2021-04-01,17.329999923706055,13480.1103515625
2021-04-05,17.90999984741211,13705.58984375
2021-04-06,18.1200008392334,13698.3798828125
2021-04-07,17.15999984741211,13688.83984375
2021-04-08,16.950000762939453,13829.3095703125
2021-04-09,16.690000534057617,13900.1904296875
2021-04-12,16.90999984741211,13850.0
2021-04-13,16.649999618530273,13996.099609375
2021-04-14,16.989999771118164,13857.83984375
2021-04-15,16.56999969482422,14038.759765625
2021-04-16,16.25,14052.33984375
2021-04-19,17.290000915527344,13914.76953125
2021-04-20,18.68000030517578,13786.26953125
2021-04-21,17.5,13950.2197265625
2021-04-22,18.709999084472656,13818.41015625
2021-04-23,17.329999923706055,14016.8095703125
2021-04-26,17.639999389648438,14138.7802734375
2021-04-27,17.559999465942383,14090.2197265625
2021-04-28,17.280000686645508,14051.0302734375
2021-04-29,17.610000610351562,14082.5498046875
2021-04-30,18.610000610351562,13962.6796875
2021-05-03,18.309999465942383,13895.1201171875
2021-05-04,19.479999542236328,13633.5
2021-05-05,19.149999618530273,13582.419921875
2021-05-06,18.389999389648438,13632.83984375
2021-05-07,16.690000534057617,13752.240234375
2021-05-10,19.65999984741211,13401.8603515625
2021-05-11,21.84000015258789,13389.4296875
2021-05-12,27.59000015258789,13031.6796875
2021-05-13,23.1299991607666,13124.990234375
2021-05-14,18.809999465942383,13429.98046875
2021-05-17,19.719999313354492,13379.0498046875
2021-05-18,21.34000015258789,13303.6396484375
2021-05-19,22.18000030517578,13299.740234375
2021-05-20,20.670000076293945,13535.740234375
2021-05-21,20.149999618530273,13470.990234375
2021-05-24,18.399999618530273,13661.169921875
2021-05-25,18.84000015258789,13657.169921875
2021-05-26,17.360000610351562,13738.0
2021-05-27,16.739999771118164,13736.2802734375
2021-05-28,16.760000228881836,13748.740234375
2021-06-01,17.899999618530273,13736.48046875
2021-06-02,17.479999542236328,13756.330078125
2021-06-03,18.040000915527344,13614.509765625
2021-06-04,16.420000076293945,13814.490234375
2021-06-07,16.420000076293945,13881.7197265625
2021-06-08,17.06999969482422,13924.91015625
2021-06-09,17.889999389648438,13911.75
2021-06-10,16.100000381469727,14020.330078125
2021-06-11,15.649999618530273,14069.419921875
2021-06-14,16.389999389648438,14174.1396484375
2021-06-15,17.020000457763672,14072.8603515625
2021-06-16,18.149999618530273,14039.6796875
2021-06-17,17.75,14161.349609375
2021-06-18,20.700000762939453,14030.3798828125
2021-06-21,17.889999389648438,14141.48046875
2021-06-22,16.65999984741211,14253.26953125
2021-06-23,16.31999969482422,14271.73046875
2021-06-24,15.970000267028809,14369.7099609375
2021-06-25,15.619999885559082,14360.3896484375
2021-06-28,15.760000228881836,14500.509765625
2021-06-29,16.020000457763672,14528.330078125
2021-06-30,15.829999923706055,14503.9501953125
2021-07-01,15.479999542236328,14522.3798828125
2021-07-02,15.069999694824219,14639.330078125
2021-07-06,16.440000534057617,14663.6396484375
2021-07-07,16.200000762939453,14665.0595703125
2021-07-08,19.0,14559.7802734375
2021-07-09,16.18000030517578,14701.919921875
2021-07-12,16.170000076293945,14733.240234375
2021-07-13,17.1200008392334,14677.650390625
2021-07-14,16.329999923706055,14644.9501953125
2021-07-15,17.010000228881836,14543.1298828125
2021-07-16,18.450000762939453,14427.240234375
2021-07-19,22.5,14274.98046875
2021-07-20,19.729999542236328,14498.8798828125
2021-07-21,17.90999984741211,14631.9501953125
2021-07-22,17.690000534057617,14684.599609375
2021-07-23,17.200000762939453,14836.990234375
2021-07-26,17.579999923706055,14840.7099609375
2021-07-27,19.360000610351562,14660.580078125
2021-07-28,18.309999465942383,14762.580078125
2021-07-29,17.700000762939453,14778.259765625
2021-07-30,18.239999771118164,14672.6796875
2021-08-02,19.459999084472656,14681.0703125
2021-08-03,18.040000915527344,14761.2900390625
2021-08-04,17.969999313354492,14780.5302734375
2021-08-05,17.280000686645508,14895.1201171875
2021-08-06,16.149999618530273,14835.759765625
2021-08-09,16.719999313354492,14860.1796875
2021-08-10,16.790000915527344,14788.08984375
2021-08-11,16.170000076293945,14765.1396484375
2021-08-12,15.59000015258789,14816.259765625
2021-08-13,15.449999809265137,14822.900390625
2021-08-16,16.1200008392334,14793.759765625
2021-08-17,17.90999984741211,14656.1796875
2021-08-18,21.56999969482422,14525.91015625
2021-08-19,21.670000076293945,14541.7900390625
2021-08-20,18.559999465942383,14714.66015625
2021-08-23,17.149999618530273,14942.650390625
2021-08-24,17.219999313354492,15019.7998046875
2021-08-25,16.790000915527344,15041.8603515625
2021-08-26,18.84000015258789,14945.8095703125
2021-08-27,16.389999389648438,15129.5
2021-08-30,16.190000534057617,15265.8896484375
2021-08-31,16.479999542236328,15259.240234375
2021-09-01,16.110000610351562,15309.3798828125
2021-09-02,16.40999984741211,15331.1796875
2021-09-03,16.40999984741211,15363.51953125
2021-09-07,18.139999389648438,15374.330078125
2021-09-08,17.959999084472656,15286.6396484375
2021-09-09,18.799999237060547,15248.25
2021-09-10,20.950000762939453,15115.490234375
2021-09-13,19.3700008392334,15105.580078125
2021-09-14,19.459999084472656,15037.759765625
2021-09-15,18.18000030517578,15161.5302734375
2021-09-16,18.690000534057617,15181.919921875
2021-09-17,20.809999465942383,15043.9697265625
2021-09-20,25.709999084472656,14713.900390625
2021-09-21,24.360000610351562,14746.400390625
2021-09-22,20.8700008392334,14896.849609375
2021-09-23,18.6299991607666,15052.240234375
2021-09-24,17.75,15047.7001953125
2021-09-27,18.760000228881836,14969.9697265625
2021-09-28,23.25,14546.6796875
2021-09-29,22.559999465942383,14512.4404296875
2021-09-30,23.139999389648438,14448.580078125
2021-10-01,21.100000381469727,14566.7001953125
2021-10-04,22.959999084472656,14255.48046875
2021-10-05,21.299999237060547,14433.830078125
2021-10-06,21.0,14501.91015625
2021-10-07,19.540000915527344,14654.01953125
2021-10-08,18.770000457763672,14579.5400390625
2021-10-11,20.0,14486.2001953125
2021-10-12,19.850000381469727,14465.919921875
2021-10-13,18.639999389648438,14571.6396484375
2021-10-14,16.860000610351562,14823.4296875
2021-10-15,16.299999237060547,14897.33984375
2021-10-18,16.309999465942383,15021.8095703125
2021-10-19,15.699999809265137,15129.08984375
2021-10-20,15.489999771118164,15121.6796875
2021-10-21,15.010000228881836,15215.7001953125
2021-10-22,15.430000305175781,15090.2001953125
2021-10-25,15.239999771118164,15226.7099609375
2021-10-26,15.979999542236328,15235.7099609375
2021-10-27,16.979999542236328,15235.83984375
2021-10-28,16.530000686645508,15448.1201171875
2021-10-29,16.260000228881836,15498.3896484375
2021-11-01,16.40999984741211,15595.919921875
2021-11-02,16.030000686645508,15649.599609375
2021-11-03,15.100000381469727,15811.580078125
2021-11-04,15.4399995803833,15940.3095703125
2021-11-05,16.479999542236328,15971.58984375
2021-11-08,17.219999313354492,15982.3603515625
2021-11-09,17.780000686645508,15886.5400390625
2021-11-10,18.729999542236328,15622.7099609375
2021-11-11,17.65999984741211,15704.2802734375
2021-11-12,16.290000915527344,15860.9599609375
2021-11-15,16.489999771118164,15853.849609375
2021-11-16,16.3700008392334,15973.8603515625
2021-11-17,17.110000610351562,15921.5703125
2021-11-18,17.59000015258789,15993.7099609375
2021-11-19,17.90999984741211,16057.4404296875
2021-11-22,19.170000076293945,15854.759765625
2021-11-23,19.3799991607666,15775.1396484375
2021-11-24,18.579999923706055,15845.23046875
2021-11-26,28.6200008392334,15491.66015625
2021-11-29,22.959999084472656,15782.830078125
2021-11-30,27.190000534057617,15537.6904296875
2021-12-01,31.1200008392334,15254.0498046875
2021-12-02,27.950000762939453,15381.3203125
2021-12-03,30.670000076293945,15085.4697265625
2021-12-06,27.18000030517578,15225.150390625
2021-12-07,21.889999389648438,15686.919921875
2021-12-08,19.899999618530273,15786.990234375
2021-12-09,21.579999923706055,15517.3701171875
2021-12-10,18.690000534057617,15630.599609375
2021-12-13,20.309999465942383,15413.2802734375
2021-12-14,21.889999389648438,15237.6396484375
2021-12-15,19.290000915527344,15565.580078125
2021-12-16,20.56999969482422,15180.4296875
2021-12-17,21.56999969482422,15169.6796875
2021-12-20,22.8700008392334,14980.9404296875
2021-12-21,21.010000228881836,15341.08984375
2021-12-22,18.6299991607666,15521.8896484375
2021-12-23,17.959999084472656,15653.3701171875
2021-12-27,17.68000030517578,15871.259765625
2021-12-28,17.540000915527344,15781.7197265625
2021-12-29,16.950000762939453,15766.2197265625
2021-12-30,17.329999923706055,15741.5595703125
2021-12-31,17.219999313354492,15644.9697265625
2022-01-03,16.600000381469727,15832.7998046875
2022-01-04,16.90999984741211,15622.7197265625
2022-01-05,19.729999542236328,15100.169921875
2022-01-06,19.610000610351562,15080.8603515625
2022-01-07,18.760000228881836,14935.900390625
2022-01-10,19.399999618530273,14942.830078125
2022-01-11,18.40999984741211,15153.4501953125
2022-01-12,17.6200008392334,15188.3896484375
2022-01-13,20.309999465942383,14806.8095703125
2022-01-14,19.190000534057617,14893.75
2022-01-18,22.790000915527344,14506.900390625
2022-01-19,23.850000381469727,14340.259765625
2022-01-20,25.59000015258789,14154.01953125
2022-01-21,28.850000381469727,13768.919921875
2022-01-24,29.899999618530273,13855.1298828125
2022-01-25,31.15999984741211,13539.2900390625
2022-01-26,31.959999084472656,13542.1201171875
2022-01-27,30.489999771118164,13352.7802734375
2022-01-28,27.65999984741211,13770.5703125
2022-01-31,24.829999923706055,14239.8798828125
2022-02-01,21.959999084472656,14346.0
2022-02-02,22.09000015258789,14417.5498046875
2022-02-03,24.350000381469727,13878.8203125
2022-02-04,23.219999313354492,14098.009765625
2022-02-07,22.860000610351562,14015.669921875
2022-02-08,21.440000534057617,14194.4501953125
2022-02-09,19.959999084472656,14490.3701171875
2022-02-10,23.90999984741211,14185.6396484375
2022-02-11,27.360000610351562,13791.150390625
2022-02-14,28.329999923706055,13790.919921875
2022-02-15,25.700000762939453,14139.759765625
2022-02-16,24.290000915527344,14124.08984375
2022-02-17,28.110000610351562,13716.7197265625
2022-02-18,27.75,13548.0703125
2022-02-22,28.809999465942383,13381.51953125
2022-02-23,31.020000457763672,13037.490234375
2022-02-24,30.31999969482422,13473.58984375
2022-02-25,27.59000015258789,13694.6201171875
2022-02-28,30.149999618530273,13751.400390625
2022-03-01,33.31999969482422,13532.4599609375
2022-03-02,30.739999771118164,13752.01953125
2022-03-03,30.479999542236328,13537.9404296875
2022-03-04,31.979999542236328,13313.4404296875
2022-03-07,36.45000076293945,12830.9599609375
2022-03-08,35.130001068115234,12795.5498046875
2022-03-09,32.45000076293945,13255.5498046875
2022-03-10,30.229999542236328,13129.9599609375
2022-03-11,30.75,12843.8095703125
2022-03-14,31.770000457763672,12581.2197265625
2022-03-15,29.829999923706055,12948.6201171875
2022-03-16,26.670000076293945,13436.5498046875
2022-03-17,25.670000076293945,13614.7802734375
2022-03-18,23.8700008392334,13893.83984375
2022-03-21,23.530000686645508,13838.4599609375
2022-03-22,22.940000534057617,14108.8203125
2022-03-23,23.56999969482422,13922.599609375
2022-03-24,21.670000076293945,14191.83984375
2022-03-25,20.809999465942383,14169.2998046875
2022-03-28,19.6299991607666,14354.900390625
2022-03-29,18.899999618530273,14619.6396484375
2022-03-30,19.329999923706055,14442.26953125
2022-03-31,20.559999465942383,14220.51953125
2022-04-01,19.6299991607666,14261.5
2022-04-04,18.56999969482422,14532.5498046875
2022-04-05,21.030000686645508,14204.169921875
2022-04-06,22.100000381469727,13888.8203125
2022-04-07,21.549999237060547,13897.2998046875
2022-04-08,21.15999984741211,13711.0
2022-04-11,24.3700008392334,13411.9599609375
2022-04-12,24.260000228881836,13371.5703125
2022-04-13,21.81999969482422,13643.58984375
2022-04-14,22.700000762939453,13351.080078125
2022-04-18,22.170000076293945,13332.3603515625
2022-04-19,21.3700008392334,13619.66015625
2022-04-20,20.31999969482422,13453.0703125
2022-04-21,22.68000030517578,13174.650390625
2022-04-22,28.209999084472656,12839.2900390625
2022-04-25,27.020000457763672,13004.849609375
2022-04-26,33.52000045776367,12490.740234375
2022-04-27,31.600000381469727,12488.9296875
2022-04-28,29.989999771118164,12871.5302734375
2022-04-29,33.400001525878906,12334.6396484375
2022-05-02,32.34000015258789,12536.01953125
2022-05-03,29.25,12563.759765625
2022-05-04,25.420000076293945,12964.8603515625
2022-05-05,31.200000762939453,12317.6904296875
2022-05-06,30.190000534057617,12144.66015625
2022-05-09,34.75,11623.25
2022-05-10,32.9900016784668,11737.669921875
2022-05-11,32.560001373291016,11364.240234375
2022-05-12,31.770000457763672,11370.9599609375
2022-05-13,28.8700008392334,11805.0
2022-05-16,27.469999313354492,11662.7900390625
2022-05-17,26.100000381469727,11984.51953125
2022-05-18,30.959999084472656,11418.150390625
2022-05-19,29.350000381469727,11388.5
2022-05-20,29.43000030517578,11354.6201171875
2022-05-23,28.479999542236328,11535.26953125
2022-05-24,29.450000762939453,11264.4501953125
2022-05-25,28.3700008392334,11434.740234375
2022-05-26,27.5,11740.650390625
2022-05-27,25.719999313354492,12131.1298828125
2022-05-31,26.190000534057617,12081.3896484375
2022-06-01,25.690000534057617,11994.4599609375
2022-06-02,24.719999313354492,12316.900390625
2022-06-03,24.790000915527344,12012.73046875
2022-06-06,25.06999969482422,12061.3701171875
2022-06-07,24.020000457763672,12175.23046875
2022-06-08,23.959999084472656,12086.26953125
2022-06-09,26.09000015258789,11754.23046875
2022-06-10,27.75,11340.01953125
2022-06-13,34.02000045776367,10809.23046875
2022-06-14,32.689998626708984,10828.349609375
2022-06-15,29.6200008392334,11099.150390625
2022-06-16,32.95000076293945,10646.099609375
2022-06-17,31.1299991607666,10798.349609375
2022-06-21,30.190000534057617,11069.2998046875
2022-06-22,28.950000762939453,11053.080078125
2022-06-23,29.049999237060547,11232.1904296875
2022-06-24,27.229999542236328,11607.6201171875
2022-06-27,26.950000762939453,11524.5498046875
2022-06-28,28.360000610351562,11181.5400390625
2022-06-29,28.15999984741211,11177.8896484375
2022-06-30,28.709999084472656,11028.740234375
2022-07-01,26.700000762939453,11127.849609375
2022-07-05,27.540000915527344,11322.240234375
2022-07-06,26.729999542236328,11361.849609375
2022-07-07,26.079999923706055,11621.349609375
2022-07-08,24.639999389648438,11635.3095703125
2022-07-11,26.170000076293945,11372.599609375
2022-07-12,27.290000915527344,11264.73046875
2022-07-13,26.81999969482422,11247.580078125
2022-07-14,26.399999618530273,11251.1904296875
2022-07-15,24.229999542236328,11452.419921875
2022-07-18,25.299999237060547,11360.0498046875
2022-07-19,24.5,11713.150390625
2022-07-20,23.8799991607666,11897.650390625
2022-07-21,23.110000610351562,12059.6103515625
2022-07-22,23.030000686645508,11834.1103515625
2022-07-25,23.360000610351562,11782.669921875
2022-07-26,24.690000534057617,11562.5703125
2022-07-27,23.239999771118164,12032.419921875
2022-07-28,22.329999923706055,12162.58984375
2022-07-29,21.329999923706055,12390.6904296875
2022-08-01,22.84000015258789,12368.98046875
2022-08-02,23.93000030517578,12348.759765625
2022-08-03,21.950000762939453,12668.16015625
2022-08-04,21.440000534057617,12720.580078125
2022-08-05,21.149999618530273,12657.5498046875
2022-08-08,21.290000915527344,12644.4599609375
2022-08-09,21.770000457763672,12493.9296875
2022-08-10,19.739999771118164,12854.7998046875
2022-08-11,20.200000762939453,12779.91015625
2022-08-12,19.530000686645508,13047.1904296875
2022-08-15,19.950000762939453,13128.0498046875
2022-08-16,19.690000534057617,13102.5498046875
2022-08-17,19.899999618530273,12938.1201171875
2022-08-18,19.559999465942383,12965.33984375
2022-08-19,20.600000381469727,12705.2197265625
2022-08-22,23.799999237060547,12381.5703125
2022-08-23,24.110000610351562,12381.2998046875
2022-08-24,22.81999969482422,12431.5302734375
2022-08-25,21.780000686645508,12639.26953125
2022-08-26,25.559999465942383,12141.7099609375
2022-08-29,26.209999084472656,12017.669921875
2022-08-30,26.209999084472656,11883.1396484375
2022-08-31,25.8700008392334,11816.2001953125
2022-09-01,25.559999465942383,11785.1298828125
2022-09-02,25.469999313354492,11630.8603515625
2022-09-06,26.90999984741211,11544.91015625
2022-09-07,24.639999389648438,11791.900390625
2022-09-08,23.610000610351562,11862.1298828125
2022-09-09,22.790000915527344,12112.3095703125
2022-09-12,23.8700008392334,12266.41015625
2022-09-13,27.270000457763672,11633.5703125
2022-09-14,26.15999984741211,11719.6796875
2022-09-15,26.270000457763672,11552.3603515625
2022-09-16,26.299999237060547,11448.400390625
2022-09-19,25.760000228881836,11535.01953125
2022-09-20,27.15999984741211,11425.0498046875
2022-09-21,27.989999771118164,11220.1904296875
2022-09-22,27.350000381469727,11066.8095703125
2022-09-23,29.920000076293945,10867.9296875
2022-09-26,32.2599983215332,10802.919921875
2022-09-27,32.599998474121094,10829.5
2022-09-28,30.18000030517578,11051.6396484375
2022-09-29,31.84000015258789,10737.509765625
2022-09-30,31.6200008392334,10575.6201171875
2022-10-03,30.100000381469727,10815.4296875
2022-10-04,29.06999969482422,11176.41015625
2022-10-05,28.549999237060547,11148.6396484375
2022-10-06,30.520000457763672,11073.3095703125
2022-10-07,31.360000610351562,10652.400390625
2022-10-10,32.45000076293945,10542.099609375
2022-10-11,33.630001068115234,10426.1904296875
2022-10-12,33.56999969482422,10417.099609375
2022-10-13,31.940000534057617,10649.150390625
2022-10-14,32.02000045776367,10321.3896484375
2022-10-17,31.3700008392334,10675.7998046875
2022-10-18,30.5,10772.400390625
2022-10-19,30.760000228881836,10680.509765625
2022-10-20,29.979999542236328,10614.83984375
2022-10-21,29.690000534057617,10859.7197265625
2022-10-24,29.850000381469727,10952.6103515625
2022-10-25,28.459999084472656,11199.1201171875
2022-10-26,27.280000686645508,10970.990234375
2022-10-27,27.389999389648438,10792.669921875
2022-10-28,25.75,11102.4501953125
2022-10-31,25.8799991607666,10988.150390625
2022-11-01,25.809999465942383,10890.849609375
2022-11-02,25.860000610351562,10524.7998046875
2022-11-03,25.299999237060547,10342.9404296875
2022-11-04,24.549999237060547,10475.25
2022-11-07,24.350000381469727,10564.51953125
2022-11-08,25.540000915527344,10616.2001953125
2022-11-09,26.09000015258789,10353.169921875
2022-11-10,23.530000686645508,11114.150390625
2022-11-11,22.520000457763672,11323.330078125
2022-11-14,23.729999542236328,11196.2197265625
2022-11-15,24.540000915527344,11358.41015625
2022-11-16,24.110000610351562,11183.66015625
2022-11-17,23.93000030517578,11144.9599609375
2022-11-18,23.1200008392334,11146.0595703125
2022-11-21,22.360000610351562,11024.509765625
2022-11-22,21.290000915527344,11174.41015625
2022-11-23,20.350000381469727,11285.3203125
2022-11-25,20.5,11226.3603515625
2022-11-28,22.209999084472656,11049.5
2022-11-29,21.889999389648438,10983.7802734375
2022-11-30,20.579999923706055,11468.0
2022-12-01,19.84000015258789,11482.4501953125
2022-12-02,19.059999465942383,11461.5
2022-12-05,20.75,11239.9404296875
2022-12-06,22.170000076293945,11014.8896484375
2022-12-07,22.68000030517578,10958.5498046875
2022-12-08,22.290000915527344,11082.0
2022-12-09,22.829999923706055,11004.6201171875
2022-12-12,25.0,11143.740234375
2022-12-13,22.549999237060547,11256.8095703125
2022-12-14,21.139999389648438,11170.8896484375
2022-12-15,22.829999923706055,10810.5302734375
2022-12-16,22.6200008392334,10705.41015625
2022-12-19,22.420000076293945,10546.0302734375
2022-12-20,21.479999542236328,10547.1103515625
2022-12-21,20.06999969482422,10709.3701171875
2022-12-22,21.969999313354492,10476.1201171875
2022-12-23,20.8700008392334,10497.8603515625
2022-12-27,21.649999618530273,10353.23046875
2022-12-28,22.139999389648438,10213.2900390625
2022-12-29,21.440000534057617,10478.08984375
2022-12-30,21.670000076293945,10466.48046875
2023-01-03,22.899999618530273,10386.98046875
2023-01-04,22.010000228881836,10458.759765625
2023-01-05,22.459999084472656,10305.240234375
2023-01-06,21.1299991607666,10569.2900390625
2023-01-09,21.969999313354492,10635.650390625
2023-01-10,20.579999923706055,10742.6298828125
2023-01-11,21.09000015258789,10931.669921875
2023-01-12,18.829999923706055,11001.099609375
2023-01-13,18.350000381469727,11079.16015625
2023-01-17,19.360000610351562,11095.1103515625
2023-01-18,20.34000015258789,10957.009765625
2023-01-19,20.520000457763672,10852.26953125
2023-01-20,19.850000381469727,11140.4296875
2023-01-23,19.809999465942383,11364.41015625
2023-01-24,19.200000762939453,11334.26953125
2023-01-25,19.079999923706055,11313.3603515625
2023-01-26,18.729999542236328,11512.41015625
2023-01-27,18.510000228881836,11621.7099609375
2023-01-30,19.940000534057617,11393.8095703125
2023-01-31,19.399999618530273,11584.5498046875
2023-02-01,17.8700008392334,11816.3203125
2023-02-02,18.729999542236328,12200.8203125
2023-02-03,18.329999923706055,12006.9501953125
2023-02-06,19.43000030517578,11887.4501953125
2023-02-07,18.65999984741211,12113.7900390625
2023-02-08,19.6299991607666,11910.51953125
2023-02-09,20.709999084472656,11789.580078125
2023-02-10,20.530000686645508,11718.1201171875
2023-02-13,20.34000015258789,11891.7900390625
2023-02-14,18.90999984741211,11960.150390625
2023-02-15,18.229999542236328,12070.58984375
2023-02-16,20.170000076293945,11855.830078125
2023-02-17,20.020000457763672,11787.26953125
2023-02-21,22.8700008392334,11492.2998046875
2023-02-22,22.290000915527344,11507.0703125
2023-02-23,21.139999389648438,11590.400390625
2023-02-24,21.670000076293945,11394.9404296875
2023-02-27,20.950000762939453,11466.98046875
2023-02-28,20.700000762939453,11455.5400390625
2023-03-01,20.579999923706055,11379.48046875
2023-03-02,19.59000015258789,11462.98046875
2023-03-03,18.489999771118164,11689.009765625
2023-03-06,18.610000610351562,11675.740234375
2023-03-07,19.59000015258789,11530.330078125
2023-03-08,19.110000610351562,11576.0
2023-03-09,22.610000610351562,11338.349609375
2023-03-10,24.799999237060547,11138.8896484375
2023-03-13,26.520000457763672,11188.83984375
2023-03-14,23.729999542236328,11428.150390625
2023-03-15,26.139999389648438,11434.0498046875
2023-03-16,22.989999771118164,11717.2802734375
2023-03-17,25.510000228881836,11630.509765625
2023-03-20,24.149999618530273,11675.5400390625
2023-03-21,21.3799991607666,11860.1103515625
2023-03-22,22.260000228881836,11669.9599609375
2023-03-23,22.610000610351562,11787.400390625
2023-03-24,21.739999771118164,11823.9599609375
2023-03-27,20.600000381469727,11768.83984375
2023-03-28,19.969999313354492,11716.080078125
2023-03-29,19.1200008392334,11926.240234375
2023-03-30,19.020000457763672,12013.4697265625
2023-03-31,18.700000762939453,12221.91015625
2023-04-03,18.549999237060547,12189.4501953125
2023-04-04,19.0,12126.330078125
2023-04-05,19.079999923706055,11996.8603515625
2023-04-06,18.399999618530273,12087.9599609375
2023-04-10,18.969999313354492,12084.3603515625
2023-04-11,19.100000381469727,12031.8798828125
2023-04-12,19.09000015258789,11929.33984375
2023-04-13,17.799999237060547,12166.26953125
2023-04-14,17.06999969482422,12123.4697265625
2023-04-17,16.950000762939453,12157.7197265625
2023-04-18,16.829999923706055,12153.41015625
2023-04-19,16.459999084472656,12157.23046875
2023-04-20,17.170000076293945,12059.5595703125
2023-04-21,16.770000457763672,12072.4599609375
2023-04-24,16.889999389648438,12037.2001953125
2023-04-25,18.760000228881836,11799.16015625
2023-04-26,18.84000015258789,11854.349609375
2023-04-27,17.030000686645508,12142.240234375
2023-04-28,15.779999732971191,12226.580078125
2023-05-01,16.079999923706055,12212.599609375
2023-05-02,17.780000686645508,12080.509765625
2023-05-03,18.34000015258789,12025.330078125
2023-05-04,20.09000015258789,11966.400390625
2023-05-05,17.190000534057617,12235.41015625
2023-05-08,16.979999542236328,12256.919921875
2023-05-09,17.709999084472656,12179.5498046875
2023-05-10,16.940000534057617,12306.4404296875
2023-05-11,16.93000030517578,12328.509765625
2023-05-12,17.030000686645508,12284.740234375
2023-05-15,17.1200008392334,12365.2099609375
2023-05-16,17.989999771118164,12343.0498046875
2023-05-17,16.8700008392334,12500.5703125
2023-05-18,16.049999237060547,12688.83984375
2023-05-19,16.809999465942383,12657.900390625
2023-05-22,17.209999084472656,12720.7802734375
2023-05-23,18.530000686645508,12560.25
2023-05-24,20.030000686645508,12484.16015625
2023-05-25,19.139999389648438,12698.08984375
2023-05-26,17.950000762939453,12975.6904296875
2023-05-30,17.459999084472656,13017.4296875
2023-05-31,17.940000534057617,12935.2900390625
2023-06-01,15.649999618530273,13100.98046875
2023-06-02,14.600000381469727,13240.76953125
2023-06-05,14.729999542236328,13229.4296875
2023-06-06,13.960000038146973,13276.419921875
2023-06-07,13.9399995803833,13104.900390625
2023-06-08,13.649999618530273,13238.51953125
2023-06-09,13.829999923706055,13259.1396484375
2023-06-12,15.010000228881836,13461.919921875
2023-06-13,14.609999656677246,13573.3203125
2023-06-14,13.880000114440918,13626.48046875
2023-06-15,14.5,13782.8203125
2023-06-16,13.539999961853027,13689.5703125
2023-06-20,13.880000114440918,13667.2900390625
2023-06-21,13.199999809265137,13502.2001953125
2023-06-22,12.90999984741211,13630.6103515625
2023-06-23,13.4399995803833,13492.51953125
2023-06-26,14.25,13335.7802734375
2023-06-27,13.739999771118164,13555.669921875
2023-06-28,13.430000305175781,13591.75
2023-06-29,13.539999961853027,13591.330078125
2023-06-30,13.59000015258789,13787.919921875
2023-07-03,13.569999694824219,13816.76953125
2023-07-05,14.180000305175781,13791.650390625
2023-07-06,15.4399995803833,13679.0400390625
2023-07-07,14.829999923706055,13660.7197265625
2023-07-10,15.069999694824219,13685.48046875
2023-07-11,14.84000015258789,13760.7001953125
2023-07-12,13.539999961853027,13918.9599609375
2023-07-13,13.609999656677246,14138.5703125
2023-07-14,13.34000015258789,14113.7001953125
2023-07-17,13.479999542236328,14244.9501953125
2023-07-18,13.300000190734863,14353.6396484375
2023-07-19,13.760000228881836,14358.01953125
2023-07-20,13.989999771118164,14063.3095703125
2023-07-21,13.600000381469727,14032.8095703125
2023-07-24,13.90999984741211,14058.8701171875
2023-07-25,13.859999656677246,14144.5595703125
2023-07-26,13.1899995803833,14127.2802734375
2023-07-27,14.40999984741211,14050.1103515625
2023-07-28,13.329999923706055,14316.66015625
2023-07-31,13.630000114440918,14346.01953125
2023-08-01,13.930000305175781,14283.91015625
2023-08-02,16.09000015258789,13973.4501953125
2023-08-03,15.920000076293945,13959.7197265625
2023-08-04,17.100000381469727,13909.240234375
2023-08-07,15.770000457763672,13994.400390625
2023-08-08,15.989999771118164,13884.3203125
2023-08-09,15.960000038146973,13722.01953125
2023-08-10,15.850000381469727,13737.990234375
2023-08-11,14.84000015258789,13644.849609375
2023-08-14,14.819999694824219,13788.330078125
2023-08-15,16.459999084472656,13631.0498046875
2023-08-16,16.780000686645508,13474.6298828125
2023-08-17,17.889999389648438,13316.9296875
2023-08-18,17.299999237060547,13290.7802734375
2023-08-21,17.1299991607666,13497.58984375
2023-08-22,16.969999313354492,13505.8701171875
2023-08-23,15.979999542236328,13721.0302734375
2023-08-24,17.200000762939453,13463.9697265625
2023-08-25,15.680000305175781,13590.650390625
2023-08-28,15.079999923706055,13705.1298828125
2023-08-29,14.449999809265137,13943.759765625
2023-08-30,13.880000114440918,14019.3095703125
2023-08-31,13.569999694824219,14034.9697265625
2023-09-01,13.09000015258789,14031.8095703125
2023-09-05,14.010000228881836,14020.9501953125
2023-09-06,14.449999809265137,13872.4697265625
2023-09-07,14.399999618530273,13748.830078125
2023-09-08,13.84000015258789,13761.5302734375
2023-09-11,13.800000190734863,13917.8896484375
2023-09-12,14.229999542236328,13773.6103515625
2023-09-13,13.479999542236328,13813.58984375
2023-09-14,12.819999694824219,13926.0498046875
2023-09-15,13.789999961853027,13708.330078125
2023-09-18,14.0,13710.240234375
2023-09-19,14.109999656677246,13678.1904296875
2023-09-20,15.140000343322754,13469.1298828125
2023-09-21,17.540000915527344,13223.98046875
2023-09-22,17.200000762939453,13211.8095703125
2023-09-25,16.899999618530273,13271.3203125
2023-09-26,18.940000534057617,13063.6103515625
2023-09-27,18.219999313354492,13092.849609375
2023-09-28,17.34000015258789,13201.2802734375
2023-09-29,17.520000457763672,13219.3203125
2023-10-02,17.610000610351562,13307.76953125
2023-10-03,19.780000686645508,13059.4697265625
2023-10-04,18.579999923706055,13236.009765625
2023-10-05,18.489999771118164,13219.830078125
2023-10-06,17.450000762939453,13431.33984375
2023-10-09,17.700000762939453,13484.240234375
2023-10-10,17.030000686645508,13562.83984375
2023-10-11,16.09000015258789,13659.6796875
2023-10-12,16.690000534057617,13574.2197265625
2023-10-13,19.31999969482422,13407.23046875
2023-10-16,17.209999084472656,13567.98046875
2023-10-17,17.8799991607666,13533.75
2023-10-18,19.219999313354492,13314.2998046875
2023-10-19,21.399999618530273,13186.1796875
2023-10-20,21.709999084472656,12983.8095703125
2023-10-23,20.3700008392334,13018.330078125
2023-10-24,18.969999313354492,13139.8701171875
2023-10-25,20.190000534057617,12821.2197265625
2023-10-26,20.68000030517578,12595.6103515625
2023-10-27,21.270000457763672,12643.009765625
2023-10-30,19.75,12789.48046875
2023-10-31,18.139999389648438,12851.240234375
2023-11-01,16.8700008392334,13061.4697265625
2023-11-02,15.65999984741211,13294.1904296875
2023-11-03,14.90999984741211,13478.2802734375
2023-11-06,14.890000343322754,13518.7802734375
2023-11-07,14.8100004196167,13639.8603515625
2023-11-08,14.449999809265137,13650.41015625
2023-11-09,15.289999961853027,13521.4501953125
2023-11-10,14.170000076293945,13798.1103515625
2023-11-13,14.760000228881836,13767.740234375
2023-11-14,14.15999984741211,14094.3798828125
2023-11-15,14.180000305175781,14103.83984375
2023-11-16,14.319999694824219,14113.669921875
2023-11-17,13.800000190734863,14125.48046875
2023-11-20,13.40999984741211,14284.5302734375
2023-11-21,13.350000381469727,14199.98046875
2023-11-22,12.850000381469727,14265.8603515625
2023-11-24,12.460000038146973,14250.849609375
2023-11-27,12.6899995803833,14241.01953125
2023-11-28,12.6899995803833,14281.759765625
2023-11-29,12.979999542236328,14258.490234375
2023-11-30,12.920000076293945,14226.2197265625
2023-12-01,12.630000114440918,14305.0302734375
2023-12-04,13.079999923706055,14185.490234375
2023-12-05,12.850000381469727,14229.91015625
2023-12-06,12.970000267028809,14146.7099609375
2023-12-07,13.0600004196167,14339.990234375
2023-12-08,12.350000381469727,14403.9697265625
2023-12-11,12.630000114440918,14432.490234375
2023-12-12,12.069999694824219,14533.400390625
2023-12-13,12.1899995803833,14733.9599609375
2023-12-14,12.479999542236328,14761.5595703125
2023-12-15,12.279999732971191,14813.919921875
2023-12-18,12.5600004196167,14904.8095703125
2023-12-19,12.529999732971191,15003.2197265625
2023-12-20,13.670000076293945,14777.9404296875
2023-12-21,13.649999618530273,14963.8701171875
2023-12-22,13.029999732971191,14992.9697265625
2023-12-26,12.989999771118164,15074.5703125
2023-12-27,12.430000305175781,15099.1796875
2023-12-28,12.470000267028809,15095.1396484375
2023-12-29,12.449999809265137,15011.349609375
2024-01-02,13.199999809265137,14765.9404296875
2024-01-03,14.039999961853027,14592.2099609375
2024-01-04,14.130000114440918,14510.2998046875
2024-01-05,13.350000381469727,14524.0703125
2024-01-08,13.079999923706055,14843.76953125
2024-01-09,12.760000228881836,14857.7099609375
2024-01-10,12.6899995803833,14969.650390625
2024-01-11,12.4399995803833,14970.1904296875
2024-01-12,12.699999809265137,14972.759765625
2024-01-16,13.84000015258789,14944.349609375
2024-01-17,14.789999961853027,14855.6201171875
2024-01-18,14.130000114440918,15055.650390625
2024-01-19,13.300000190734863,15310.9697265625
2024-01-22,13.1899995803833,15360.2900390625
2024-01-23,12.550000190734863,15425.9404296875
2024-01-24,13.140000343322754,15481.919921875
2024-01-25,13.449999809265137,15510.5
2024-01-26,13.260000228881836,15455.3603515625
2024-01-29,13.600000381469727,15628.0400390625
2024-01-30,13.3100004196167,15509.900390625
2024-01-31,14.350000381469727,15164.009765625
2024-02-01,13.880000114440918,15361.6396484375
2024-02-02,13.850000381469727,15628.9501953125
2024-02-05,13.670000076293945,15597.6796875
2024-02-06,13.0600004196167,15609.0
2024-02-07,12.829999923706055,15756.6396484375
2024-02-08,12.789999961853027,15793.7099609375
2024-02-09,12.930000305175781,15990.66015625
2024-02-12,13.930000305175781,15942.5498046875
2024-02-13,15.850000381469727,15655.599609375
2024-02-14,14.380000114440918,15859.150390625
2024-02-15,14.010000228881836,15906.169921875
2024-02-16,14.239999771118164,15775.650390625
2024-02-20,15.420000076293945,15630.7802734375
2024-02-21,15.34000015258789,15580.8701171875
2024-02-22,14.539999961853027,16041.6201171875
2024-02-23,13.75,15996.8203125
2024-02-26,13.739999771118164,15976.25
2024-02-27,13.430000305175781,16035.2998046875
2024-02-28,13.84000015258789,15947.740234375
2024-02-29,13.399999618530273,16091.919921875
2024-03-01,13.109999656677246,16274.9404296875
2024-03-04,13.489999771118164,16207.509765625
2024-03-05,14.460000038146973,15939.58984375
2024-03-06,14.5,16031.5400390625
2024-03-07,14.4399995803833,16273.3798828125
2024-03-08,14.739999771118164,16085.1103515625
2024-03-11,15.220000267028809,16019.26953125
2024-03-12,13.84000015258789,16265.6396484375
2024-03-13,13.75,16177.76953125
2024-03-14,14.399999618530273,16128.5302734375
2024-03-15,14.40999984741211,15973.169921875
2024-03-18,14.329999923706055,16103.4501953125
2024-03-19,13.819999694824219,16166.7900390625
2024-03-20,13.039999961853027,16369.41015625
2024-03-21,12.920000076293945,16401.83984375
2024-03-22,13.0600004196167,16428.8203125
2024-03-25,13.1899995803833,16384.470703125
2024-03-26,13.239999771118164,16315.7001953125
2024-03-27,12.779999732971191,16399.51953125
2024-03-28,13.010000228881836,16379.4599609375
2024-04-01,13.649999618530273,16396.830078125
2024-04-02,14.609999656677246,16240.4501953125
2024-04-03,14.329999923706055,16277.4599609375
2024-04-04,16.350000381469727,16049.080078125
2024-04-05,16.030000686645508,16248.51953125
2024-04-08,15.1899995803833,16253.9599609375
2024-04-09,14.979999542236328,16306.6396484375
2024-04-10,15.800000190734863,16170.3603515625
2024-04-11,14.90999984741211,16442.19921875
2024-04-12,17.309999465942383,16175.08984375
2024-04-15,19.229999542236328,15885.01953125
2024-04-16,18.399999618530273,15865.25
2024-04-17,18.209999084472656,15683.3701171875
2024-04-18,18.0,15601.5
2024-04-19,18.709999084472656,15282.009765625
2024-04-22,16.940000534057617,15451.3095703125
2024-04-23,15.6899995803833,15696.6396484375
2024-04-24,15.970000267028809,15712.75
2024-04-25,15.369999885559082,15611.759765625
2024-04-26,15.029999732971191,15927.900390625
2024-04-29,14.670000076293945,15983.080078125
2024-04-30,15.649999618530273,15657.8203125
2024-05-01,15.390000343322754,15605.48046875
2024-05-02,14.680000305175781,15840.9599609375
2024-05-03,13.489999771118164,16156.330078125
2024-05-06,13.489999771118164,16349.25
2024-05-07,13.229999542236328,16332.5595703125
2024-05-08,13.0,16302.759765625
2024-05-09,12.6899995803833,16346.259765625
2024-05-10,12.550000190734863,16340.8701171875
2024-05-13,13.600000381469727,16388.240234375
2024-05-14,13.420000076293945,16511.1796875
2024-05-15,12.449999809265137,16742.390625
2024-05-16,12.420000076293945,16698.3203125
2024-05-17,11.989999771118164,16685.970703125
2024-05-20,12.149999618530273,16794.869140625
2024-05-21,11.859999656677246,16832.619140625
2024-05-22,12.289999961853027,16801.5390625
2024-05-23,12.770000457763672,16736.029296875
2024-05-24,11.930000305175781,16920.7890625
2024-05-28,12.920000076293945,17019.880859375
2024-05-29,14.279999732971191,16920.580078125
2024-05-30,14.470000267028809,16737.080078125
2024-05-31,12.920000076293945,16735.01953125
2024-06-03,13.109999656677246,16828.669921875
2024-06-04,13.15999984741211,16857.05078125
2024-06-05,12.630000114440918,17187.900390625
2024-06-06,12.579999923706055,17173.119140625
2024-06-07,12.220000267028809,17133.130859375
2024-06-10,12.739999771118164,17192.529296875
2024-06-11,12.850000381469727,17343.55078125
2024-06-12,12.039999961853027,17608.439453125
2024-06-13,11.9399995803833,17667.560546875
2024-06-14,12.65999984741211,17688.880859375
2024-06-17,12.75,17857.01953125
2024-06-18,12.300000190734863,17862.23046875
2024-06-20,13.279999732971191,17721.58984375
2024-06-21,13.199999809265137,17689.359375
2024-06-24,13.329999923706055,17496.8203125
2024-06-25,12.84000015258789,17717.650390625
2024-06-26,12.550000190734863,17805.16015625
2024-06-27,12.239999771118164,17858.6796875
2024-06-28,12.4399995803833,17732.599609375
2024-07-01,12.220000267028809,17879.30078125
2024-07-02,12.029999732971191,18028.759765625
2024-07-03,12.09000015258789,18188.30078125
2024-07-05,12.479999542236328,18352.759765625
2024-07-08,12.369999885559082,18403.740234375
2024-07-09,12.510000228881836,18429.2890625
2024-07-10,12.850000381469727,18647.44921875
2024-07-11,12.920000076293945,18283.41015625
2024-07-12,12.460000038146973,18398.44921875
2024-07-15,13.119999885559082,18472.5703125
2024-07-16,13.1899995803833,18509.33984375
2024-07-17,14.479999542236328,17996.919921875
2024-07-18,15.930000305175781,17871.220703125
2024-07-19,16.520000457763672,17726.939453125
2024-07-22,14.90999984741211,18007.5703125
2024-07-23,14.720000267028809,17997.349609375
2024-07-24,18.040000915527344,17342.41015625
2024-07-25,18.459999084472656,17181.720703125
2024-07-26,16.389999389648438,17357.880859375
2024-07-29,16.600000381469727,17370.19921875
2024-07-30,17.690000534057617,17147.419921875
2024-07-31,16.360000610351562,17599.400390625
2024-08-01,18.59000015258789,17194.150390625
2024-08-02,23.389999389648438,16776.16015625
2024-08-05,38.56999969482422,16200.080078125
2024-08-06,27.709999084472656,16366.849609375
2024-08-07,27.850000381469727,16195.8095703125
2024-08-08,23.790000915527344,16660.01953125
2024-08-09,20.3700008392334,16745.30078125
2024-08-12,20.709999084472656,16780.609375
2024-08-13,18.1200008392334,17187.609375
2024-08-14,16.190000534057617,17192.599609375
2024-08-15,15.229999542236328,17594.5
2024-08-16,14.800000190734863,17631.720703125
2024-08-19,14.649999618530273,17876.76953125
2024-08-20,15.880000114440918,17816.939453125
2024-08-21,16.270000457763672,17918.990234375
2024-08-22,17.549999237060547,17619.349609375
2024-08-23,15.859999656677246,17877.7890625
2024-08-26,16.149999618530273,17725.76953125
2024-08-27,15.430000305175781,17754.8203125
2024-08-28,17.110000610351562,17556.029296875
2024-08-29,15.649999618530273,17516.4296875
2024-08-30,15.0,17713.619140625
2024-09-03,20.719999313354492,17136.30078125
2024-09-04,21.31999969482422,17084.30078125
2024-09-05,19.899999618530273,17127.66015625
2024-09-06,22.3799991607666,16690.830078125
2024-09-09,19.450000762939453,16884.599609375
2024-09-10,19.079999923706055,17025.880859375
2024-09-11,17.690000534057617,17395.529296875
2024-09-12,17.06999969482422,17569.6796875
2024-09-13,16.559999465942383,17683.98046875
2024-09-16,17.139999389648438,17592.130859375
2024-09-17,17.610000610351562,17628.060546875
2024-09-18,18.229999542236328,17573.30078125
2024-09-19,16.329999923706055,18013.98046875
2024-09-20,16.149999618530273,17948.3203125
2024-09-23,15.890000343322754,17974.26953125
2024-09-24,15.390000343322754,18074.51953125
2024-09-25,15.40999984741211,18082.2109375
2024-09-26,15.369999885559082,18190.2890625
2024-09-27,16.959999084472656,18119.58984375
2024-09-30,16.729999542236328,18189.169921875
2024-10-01,19.260000228881836,17910.359375
2024-10-02,18.899999618530273,17925.119140625
2024-10-03,20.489999771118164,17918.48046875
2024-10-04,19.209999084472656,18137.849609375
2024-10-07,22.639999389648438,17923.900390625
2024-10-08,21.420000076293945,18182.919921875
2024-10-09,20.860000610351562,18291.619140625
2024-10-10,20.93000030517578,18282.05078125
2024-10-11,20.459999084472656,18342.939453125
2024-10-14,19.700000762939453,18502.689453125
2024-10-15,20.639999389648438,18315.58984375
2024-10-16,19.579999923706055,18367.080078125
2024-10-17,19.110000610351562,18373.609375
2024-10-18,18.030000686645508,18489.55078125
2024-10-21,18.3700008392334,18540.009765625
2024-10-22,18.200000762939453,18579.76953125
2024-10-23,19.239999771118164,18276.650390625
2024-10-24,19.079999923706055,18415.490234375
2024-10-25,20.329999923706055,18518.609375
2024-10-28,19.799999237060547,18567.189453125
2024-10-29,19.34000015258789,18712.75
2024-10-30,20.350000381469727,18607.9296875
2024-10-31,23.15999984741211,18095.150390625
2024-11-01,21.8799991607666,18239.919921875
2024-11-04,21.979999542236328,18179.98046875
2024-11-05,20.489999771118164,18439.169921875
2024-11-06,16.270000457763672,18983.470703125
2024-11-07,15.199999809265137,19269.4609375
2024-11-08,14.9399995803833,19286.779296875
2024-11-11,14.970000267028809,19298.759765625
2024-11-12,14.710000038146973,19281.400390625
2024-11-13,14.020000457763672,19230.720703125
2024-11-14,14.3100004196167,19107.650390625
2024-11-15,16.139999389648438,18680.119140625
2024-11-18,15.579999923706055,18791.810546875
2024-11-19,16.350000381469727,18987.470703125
2024-11-20,17.15999984741211,18966.140625
2024-11-21,16.8700008392334,18972.419921875
2024-11-22,15.239999771118164,19003.650390625
2024-11-25,14.600000381469727,19054.83984375
2024-11-26,14.100000381469727,19174.30078125
2024-11-27,14.100000381469727,19060.48046875
2024-11-29,13.510000228881836,19218.169921875
2024-12-02,13.34000015258789,19403.94921875
2024-12-03,13.300000190734863,19480.91015625
2024-12-04,13.449999809265137,19735.119140625
2024-12-05,13.539999961853027,19700.259765625
2024-12-06,12.770000457763672,19859.76953125
2024-12-09,14.1899995803833,19736.689453125
2024-12-10,14.180000305175781,19687.240234375
2024-12-11,13.579999923706055,20034.890625
2024-12-12,13.920000076293945,19902.83984375
2024-12-13,13.8100004196167,19926.720703125
2024-12-16,14.6899995803833,20173.890625
2024-12-17,15.869999885559082,20109.060546875
2024-12-18,27.6200008392334,19392.689453125
2024-12-19,24.09000015258789,19372.76953125
2024-12-20,18.360000610351562,19572.599609375
2024-12-23,16.780000686645508,19764.880859375
2024-12-24,14.270000457763672,20031.130859375
2024-12-26,14.729999542236328,20020.359375
2024-12-27,15.949999809265137,19722.029296875
2024-12-30,17.399999618530273,19486.7890625
2024-12-31,17.350000381469727,19310.7890625
