ticker,first_day_close,underpricing,first_week_return,first_month_return,status
MKDTY,81.9000015258789,14.223048610758163,-0.17399267075101654,-0.2509157835029391,ok
INDO,10.699999809265137,-0.0272727446122603,-0.3074766374298637,-0.2523364352705133,ok
MNPR,132.5,15.5625,-0.3433962264150943,-0.3320754716981132,ok
CIIC,,,,,no_data
HCCO,,,,,no_data
OCFT,,,,,no_data
SPT,16.600000381469727,-0.023529389325310204,-0.036144600462750344,0.11566265254049066,ok
BILL,35.5,0.6136363636363636,0.07605635951942122,0.15718315017055456,ok
EH,12.899999618530273,0.031999969482421876,-0.2713178374805846,0.05736439896707458,ok
LIVK,,,,,no_data
XP,30.715618133544922,0.1376154864275897,0.10562977875449504,0.09083006961697931,ok
LMPX,0.002381989499554038,-0.9995236021000892,3.1511192879143453,3.7201489418914906,ok
ALUS,,,,,no_data
CHPM,,,,,no_data
PINE,12.702528953552246,-0.3314458445498818,-0.012104973082082924,-0.004314554669832735,ok
PTAC,,,,,no_data
CAN,8.989999771118164,-0.0011111365424262153,-0.0823136585048126,-0.41156839860574723,ok
GRNV,,,,,no_data
SITM,18.649999618530273,0.4346153552715595,-0.06702413005724807,0.13190354113343147,ok
AMHC,,,,,no_data
SAQN,,,,,no_data
YAYO,3.549999952316284,-0.11250001192092896,-0.1785633621560132,-0.5746478842970066,ok
ETNB,,,,,no_data
CNSP,4113000.0,1028249.0,-0.04157549234135667,-0.13785557986870897,ok
JIH,,,,,no_data
KRKR,261.20001220703125,17.0137939453125,-0.2358346218402566,-0.31087292653979987,ok
MOHOY,,,,,no_data
SRAC,,,,,no_data
TELA,13.350000381469727,0.026923106266902044,-0.09438203691969634,-0.08988769502996395,ok
CNTG,,,,,no_data
DFNS,55.71428680419922,4.571428680419922,0.0,0.0,ok
GRTX,12.0,0.0,0.10416666666666667,-0.16666666666666666,ok
SICP,12.520000457763672,0.04333337148030599,0.22603832429983398,0.22364210340937032,ok
MCMJ,,,,,no_data
DUO,46800.0,3599.0,0.0,0.011538461538461539,ok
FSRV,,,,,no_data
SFTW,,,,,no_data
OYST,,,,,no_data
RAPT,104.0,7.666666666666667,0.7130769582895132,0.6715384263258714,ok
CABA,10.0,-0.09090909090909091,0.075,0.31999998092651366,ok
DAO,12.5,-0.2647058823529412,0.18639999389648437,0.09919998168945313,ok
PAVS,107327.796875,19513.144886363636,0.08000002620476784,0.08822220886102577,ok
PGNY,15.9399995803833,0.22615381387563852,0.1530740053083883,0.6135508149578017,ok
PHAT,24.600000381469727,0.2947368621826172,-0.03333332041091732,-0.0020325668143828042,ok
TFFP,,,,,no_data
GLEO,,,,,no_data
LATN,,,,,no_data
BRBR,16.350000381469727,0.16785717010498047,-0.0030581738986286806,0.17675836833152728,ok
IPHA,6.050000190734863,0.10000003467906605,-0.0132232062844771,-0.047933876481052226,ok
HBT,12.35806941986084,-0.2276206612586975,0.02059185661782438,0.0888033414683554,ok
VIR,14.020000457763672,-0.2989999771118164,-0.025677646119634016,-0.053495005386014975,ok
BNTX,14.053853988647461,-0.06307640075683593,-0.08707861699365672,0.3862360036627337,ok
APRE,410.0,26.333333333333332,-0.05170734684641768,0.21853660025247715,ok
KRRO,685.0,47.92857142857143,-0.07518248175182482,0.16131386861313868,ok
MCBS,11.055109024047852,-0.1811030352557147,0.0016307626852098348,0.08007058586857523,ok
VIE,,,,,no_data
OPRT,16.170000076293945,0.07800000508626302,-0.10822510771447616,0.029684572663671922,ok
PTON,25.760000228881836,-0.11172413003855738,-0.13315218457685035,-0.1669255087811709,ok
DDOG,37.54999923706055,0.39074071248372394,-0.13608523872640108,-0.20079891242013645,ok
PING,,,,,no_data
XGN,17.110000610351562,0.22214290073939733,-0.14786677945030904,-0.1507890581733509,ok
IGMS,,,,,no_data
NVST,27.950000762939453,0.2704545801336115,-0.007513452096206799,0.029338092037246185,ok
APXT,,,,,no_data
ALRS,17.680328369140625,-0.15807960146949404,0.0022929831586832807,-0.01737801825842454,ok
EXPC,,,,,no_data
NET,18.0,0.2,0.10388893551296657,-0.12833335664537218,ok
STSA,,,,,no_data
SWTX,,,,,no_data
TXG,52.75,0.3525641025641026,0.1586729655333605,-0.04720382328847008,ok
NPA,,,,,no_data
CFB,,,,,no_data
JFU,195.1999969482422,19.547368099814967,0.16495900333840735,0.0635246380590945,ok
BTOG,8280.0,1655.0,-0.013043478260869565,-0.030434782608695653,ok
THBR,,,,,no_data
INMD,6.784999847412109,-0.5153571537562779,0.34487843849847666,0.9196757422917532,ok
SSPK,,,,,no_data
AMTD,60.540000915527344,6.224343784669133,-0.03666998987662284,-0.10208127207990726,ok
ORSN,,,,,no_data
DT,23.850000381469727,0.4906250238418579,0.09014673308771588,-0.031446540377530266,ok
KRUS,19.610000610351562,0.4007143293108259,0.07088216962699614,0.23049456449425404,ok
SNDL,84.80000305175781,5.523077157827524,0.45047164591405453,-0.031839675477237504,ok
BORR,18.008663177490234,0.9364153954290573,-0.28863885692086383,-0.4022519293612206,ok
NFIN,,,,,no_data
BHAT,229000.0,57249.0,-0.19213973799126638,-0.38973799126637554,ok
CCX,,,,,no_data
SBE,,,,,no_data
VIST,9.100000381469727,0.011111153496636285,0.019780147687465638,-0.37912089466803855,ok
WSG,,,,,no_data
CSTL,21.399999618530273,0.3374999761581421,0.025700988514641532,0.12149534709423007,ok
FLLC,,,,,no_data
HCAT,39.16999816894531,0.5065383911132812,0.13428650452173607,0.043655935131639685,ok
LVGO,,,,,no_data
NOVA,,,,,no_data
PROS,,,,,no_data
EIC,9.016521453857422,-0.525446239270662,0.016589969567956366,0.03064379447349349,ok
AFYA,22.54198455810547,0.18642023990028783,0.18054105379941873,0.13357110196461613,ok
IFS,32.94420623779297,-0.2838216035262398,-0.0817019112504843,-0.14127648207078033,ok
MDLA,,,,,no_data
AMK,,,,,no_data
CPAA,,,,,no_data
FULC,13.5,-0.15625,-0.018518518518518517,-0.18814814532244648,ok
IHRT,16.5,-0.029411764705882353,-0.053333340269146545,-0.2030303261496804,ok
MIRM,13.210000038146973,-0.11933333079020182,0.043149106220909235,-0.0015140391904554023,ok
OAC,,,,,no_data
OBDC,7.421346664428711,-0.5149446624556399,0.005164584341555975,0.027759801466130274,ok
PHR,25.079999923706055,0.4752941131591797,-0.011164301734341166,0.07097291435647175,ok
DOYU,21.18467903137207,0.8421460027280061,-0.11304342815480109,-0.24347824990886274,ok
PIC,,,,,no_data
SCPE,,,,,no_data
THCA,,,,,no_data
RMBI,10.714649200439453,0.07146492004394531,-0.010989197805026451,-0.030769486834324213,ok
KRTX,,,,,no_data
REAL,28.899999618530273,0.44499998092651366,-0.08269894190988167,-0.13079580723846077,ok
ADPT,40.29999923706055,1.0149999618530274,0.005210895494993896,-0.06302731919636159,ok
BBIO,27.549999237060547,0.6205881904153263,0.052268623373336195,0.0413793585686757,ok
CHNG,,,,,no_data
MORF,,,,,no_data
CMBM,9.699999809265137,-0.19166668256123862,-0.022680440345851472,0.028865952420302567,ok
LINX,,,,,no_data
AKRO,,,,,no_data
BCEL,,,,,no_data
GO,28.510000228881836,0.29590910131281073,0.14731668964828853,0.3767099152892356,ok
PRVL,,,,,no_data
PSNL,28.489999771118164,0.6758823394775391,-0.01965600106849015,-0.20709019536431933,ok
SMMC,,,,,no_data
WORK,,,,,no_data
STOK,25.56999969482422,0.4205555386013455,0.03285100362194843,-0.08290961897484449,ok
CHWY,34.9900016784668,0.5904546217484907,-0.07745077934185082,-0.05430126992672271,ok
FVRR,39.900001525878906,0.9000000726609003,-0.2974937439923301,-0.4095238454900433,ok
CRWD,58.0,0.7058823529411765,0.33137933139143316,0.2672413793103448,ok
MWK,,,,,no_data
HYAC,10.170000076293945,0.01700000762939453,0.0,0.0,ok
RVLV,34.0,0.8888888888888888,0.23558818592744715,0.09705880109001608,ok
GIX,,,,,no_data
GOTU,10.479999542236328,-0.0019048055013020833,-0.08778617965696114,-0.08683205030159041,ok
BCYC,12.0,-0.14285714285714285,-0.0058333079020182295,-0.052500009536743164,ok
IDYA,11.1899995803833,0.11899995803833008,0.03127796198342107,-0.1090258587223917,ok
RTLR,,,,,no_data
GXGX,,,,,no_data
AVTR,14.5,0.03571428571428571,0.19448273757408405,0.2841379889126482,ok
FSLY,23.989999771118164,0.49937498569488525,-0.10379323863587124,-0.1963317686289884,ok
LKNCY,20.3799991607666,0.1988234800450942,-0.2482826140485498,0.03876354014028466,ok
PSTL,11.601065635681152,-0.3175843743716969,-0.015294133411220542,-0.11235323087920941,ok
AGBA,,,,,no_data
APLT,,,,,no_data
JFIN,12.660618782043457,0.2057732173374721,-0.16346745662594617,-0.3486067431421852,ok
SONM,19782.0,1797.3636363636363,0.03275705186533212,0.5586897179253867,ok
UBER,41.56999969482422,-0.07622222900390625,0.008178978953185397,0.02501806406452372,ok
AXLA,,,,,no_data
HHR,,,,,no_data
MEC,16.469999313354492,-0.031176510979147518,0.029143987225048504,-0.16514872050717178,ok
NXTC,238.8000030517578,14.92000020345052,0.014070354134892167,-0.21457288458266158,ok
QNCX,328.8999938964844,18.34705846449908,-0.2353298733135419,-0.22164790285593133,ok
SPFI,15.968864440917969,-0.08749346051897322,0.014116339101731379,-0.006775749604289582,ok
PSN,30.06999969482422,0.11370369240089699,0.07914868946689384,0.07715329957996465,ok
LCA,,,,,no_data
TRVI,7.889999866485596,-0.21100001335144042,0.12801011015663769,0.1926489235295209,ok
TBBA,9.0,-0.1,0.14444446563720703,0.027777777777777776,ok
ATIF,,,,,no_data
RRBI,48.212852478027344,0.07139672173394097,0.009950303472427171,-0.02547261548053559,ok
SCPL,,,,,no_data
YJ,566.0,50.45454545454545,-0.14699648799828843,-0.2226148409893993,ok
BYND,65.75,1.63,0.038326945141694393,0.46250956140090305,ok
SY,16.670894622802734,0.20803584223208213,0.040109949830384364,-0.12087914099549789,ok
TMDX,22.360000610351562,0.39750003814697266,0.12656528830307393,0.23613589602732388,ok
WAFU,4.099999904632568,-0.18000001907348634,-0.03658533181412236,-0.30243903375111636,ok
GNLN,278520000.0,16383528.411764706,-0.0971563981042654,-0.25118483412322273,ok
HOOK,140.0,9.0,0.010714285714285714,-0.1557143075125558,ok
MNRL,,,,,no_data
PINS,24.399999618530273,0.28421050623843547,0.18032785603770046,0.05942626170527758,ok
ZM,62.0,0.7222222222222222,0.04838709677419355,0.36564513175718244,ok
BWAY,5.545000076293945,-0.4959090839732777,0.014427398125397938,-0.018755651960647737,ok
PLMR,18.989999771118164,0.26599998474121095,-0.0005266050027575702,0.17430223832738279,ok
TPTX,,,,,no_data
JMIA,25.459999084472656,0.7558620058257004,0.31068343015912353,0.04477617195565122,ok
PD,38.25,0.59375,0.023529451656964868,0.29281047746246935,ok
TUFN,,,,,no_data
GHSI,,,,,no_data
NGM,,,,,no_data
RPLA,,,,,no_data
SILK,,,,,no_data
TW,34.66329574584961,0.28382576836480033,0.1745321084763296,0.12398744328983605,ok
RUHN,,,,,no_data
LYFT,78.29000091552734,0.08736112382676867,-0.049048459859240646,-0.2260825208322228,ok
DTIL,523.2000122070312,31.700000762939453,-0.13130735971742777,-0.252867001574525,ok
JFK,,,,,no_data
WTRE,24.666776657104492,-0.02348469290956094,0.01696493986659187,-0.005969227129026534,ok
GNFT,,,,,no_data
LEVI,19.226633071899414,0.1309784159940832,0.012494478087095286,0.018295202331916345,ok
INSU,,,,,no_data
TIGR,10.920000076293945,0.36500000953674316,0.17857140985725453,0.32783881856171593,ok
TRNE,,,,,no_data
CRSA,,,,,no_data
FUTU,14.730839729309082,0.2275699774424235,0.174934620709479,0.09660558557152943,ok
SWAV,,,,,no_data
THCB,,,,,no_data
HCAC,,,,,no_data
DPHC,,,,,no_data
KLDO,14.229999542236328,-0.05133336385091146,-0.10681655326676691,-0.01616300419080564,ok
SHLL,,,,,no_data
SLE,90720.0,8246.272727272728,-0.015873015873015872,-0.13968253968253969,ok
ACAM,,,,,no_data
SOLY,,,,,no_data
AREC,4.239999771118164,0.059999942779541016,-0.06108486757196755,-0.06226408367862793,ok
HOTH,213.25,37.080357142857146,-0.19226260257913247,-0.36107854630715125,ok
MITO,,,,,no_data
AVDR,25.0,0.7857142857142857,0.0,0.0,ok
TCRR,,,,,no_data
BACK,110.4000015258789,20.520468133699595,0.08695650671590574,-0.15217393858296024,ok
ANCN,,,,,no_data
GOSS,17.940000534057617,0.12125003337860107,0.07580817516817148,0.1070234124379753,ok
HARP,,,,,no_data
RMG,,,,,no_data
ALEC,18.079999923706055,-0.04842105664704975,0.039822971039421666,-0.11670352132638374,ok
MNCL,,,,,no_data
INMB,7.989999771118164,-0.0012500286102294922,-0.03754689893510742,-0.06132663143363155,ok
IPV,,,,,no_data
GMHI,,,,,no_data
NFE,11.476091384887695,-0.18027918679373606,0.07574578549279788,0.12853850159312868,ok
RBKB,11.75,0.175,-0.014468091599484707,-0.0008510833090924203,ok
BCOW,9.600000381469727,-0.039999961853027344,0.041666625274553885,-0.01208335113194183,ok
MDJH,,,,,no_data
MTC,604.0,150.0,-0.009271482758174668,-0.2052980132450331,ok
SXTC,86100.0,21524.0,0.08013937282229965,0.003484320557491289,ok
MRM,15.109999656677246,0.00733331044514974,-0.05029776919099194,0.00860358156153033,ok
VTAQ,,,,,no_data
CFIV,,,,,no_data
GBS,,,,,no_data
HCAR,,,,,no_data
IKT,59.400001525878906,4.94000015258789,-0.2767677107591286,-0.33333337614699404,ok
VHAQ,,,,,no_data
VII,,,,,no_data
ACKIT,,,,,no_data
DUNE,,,,,no_data
GFX,,,,,no_data
IIII,,,,,no_data
MASS,49.0,1.45,0.36448980837452166,0.3244898270587532,ok
MTAC,,,,,no_data
SVOK,,,,,no_data
COOL,,,,,no_data
MDWT,,,,,no_data
SCOA,,,,,no_data
VIRI,,,,,no_data
BCAB,1551.0,85.16666666666667,0.041263700838168924,0.4629271437782076,ok
CCV,,,,,no_data
LOGC,601.5,24.0625,0.04438904772573774,0.23865334628922485,ok
SCPS,5.920000076293945,0.07636365023526279,2.2685811033947263,1.231418896605274,ok
UPST,29.469999313354492,0.4734999656677246,0.5717679258253004,0.9002375739663927,ok
ATA,,,,,no_data
BLUW,,,,,no_data
KINZ,,,,,no_data
MRAC,,,,,no_data
OCG,19250.0,4811.5,-0.021666700487012986,-0.166666700487013,ok
WNW,843500.0,168699.0,2.4074688796680497,1.3510373443983403,ok
ABCL,58.900001525878906,1.9450000762939452,-0.1643463506689839,-0.3787776026370503,ok
CBAH,,,,,no_data
CERT,38.08000183105469,0.6556522535241168,-0.06643914055515864,-0.0798319529766458,ok
DWIN,,,,,no_data
EDTX,,,,,no_data
FDMT,40.5,0.7608695652173914,0.16938273111979166,0.022716004171489196,ok
GHVI,,,,,no_data
GLAQ,,,,,no_data
MOTV,,,,,no_data
NBTX,16.979999542236328,0.25777774386935765,0.08539462909481814,0.1083627916485536,ok
ROCC,,,,,no_data
SNRH,,,,,no_data
TVAC,,,,,no_data
VVOS,224.75,36.458333333333336,-0.14349276974416017,-0.1935483870967742,ok
ABNB,144.7100067138672,1.1280883340274586,0.01617024552087447,0.023633460094488287,ok
CTAQ,,,,,no_data
HYFM,519.9000244140625,24.995001220703124,0.017695615964326075,0.41431035442182607,ok
PCPC,,,,,no_data
RMGB,,,,,no_data
AI,92.48999786376953,1.2021428062802268,0.2292140238651822,0.5529247291622621,ok
ALTU,,,,,no_data
DASH,189.50999450683594,0.8579411226160386,-0.1660070305893197,-0.17634952845581872,ok
FLAC,,,,,no_data
HMCO,,,,,no_data
NEBC,,,,,no_data
PUBM,29.450000762939453,0.47250003814697267,-0.08794567353109224,-0.10662143346863742,ok
CND,,,,,no_data
DDMX,,,,,no_data
MUDS,,,,,no_data
RAAC,,,,,no_data
FTCV,,,,,no_data
PTIC,,,,,no_data
SBTX,,,,,no_data
SEER,56.459999084472656,1.9715788991827714,0.33988669416545897,-0.043393567174414636,ok
SGTX,,,,,no_data
YQ,211.39999389648438,19.13333275204613,0.5439924471157351,0.22989596739209675,ok
DCBO,50.0,-0.04232905573644897,-0.023600006103515626,0.23639999389648436,ok
FPAC,,,,,no_data
HTPA,,,,,no_data
KNTE,,,,,no_data
LOKB,,,,,no_data
SPFR,,,,,no_data
CAP,,,,,no_data
RSVA,,,,,no_data
TACA,,,,,no_data
SGAM,,,,,no_data
FRX,,,,,no_data
SPRQ,,,,,no_data
GNPK,,,,,no_data
HFEN,,,,,no_data
OZON,,,,,no_data
SV,,,,,no_data
TINV,,,,,no_data
VCVC,,,,,no_data
VMAR,779760.0,77975.0,-0.11426592797783934,-0.0221606648199446,ok
BREZ,,,,,no_data
ARBG,,,,,no_data
CAS,16.248411178588867,0.6248411178588867,0.0,0.0,ok
KWAC,,,,,no_data
LSAQ,,,,,no_data
MRVI,29.850000381469727,0.10555556968406395,-0.023115595485417664,-0.010720257646055779,ok
OCA,,,,,no_data
SHC,25.100000381469727,0.09130436441172725,0.11434258518990163,0.05537846089733989,ok
CHFW,,,,,no_data
IIAC,,,,,no_data
JYAC,,,,,no_data
LNFA,,,,,no_data
NGMS,,,,,no_data
OLMA,49.0,1.5789473684210527,0.016326515042051976,-0.12244897959183673,ok
RTPZ,,,,,no_data
TLS,20.290000915527344,0.19352946561925552,-0.01429279952892533,0.3760472556177948,ok
YSG,92.0,7.761904761904762,-0.04456520080566406,-0.07228262528129246,ok
PHIC,,,,,no_data
DGNS,,,,,no_data
OTRA,,,,,no_data
PIPP,,,,,no_data
ZNTE,,,,,no_data
BWAC,,,,,no_data
CFAC,,,,,no_data
DMYI,,,,,no_data
HAAC,,,,,no_data
NOAC,,,,,no_data
STIC,,,,,no_data
ADOC,,,,,no_data
TSIA,,,,,no_data
DBDR,,,,,no_data
AVIR,30.34000015258789,0.2641666730244954,0.1262359260743358,0.09822015580913387,ok
BHSE,,,,,no_data
CNXX,4.0,-0.6,0.0,0.0,ok
LU,18.904272079467773,0.4003164503309462,0.2723735161229883,0.28171196403129645,ok
NBA,,,,,no_data
SQZB,13.25,-0.171875,0.5094339622641509,1.3396226415094339,ok
ALGM,17.700000762939453,0.2642857687813895,0.2853106790613431,0.3531073294124569,ok
DSAC,,,,,no_data
LESL,434.0,24.529411764705884,0.13179726314984158,-0.04654380692864343,ok
ABST,,,,,no_data
ACIC,3.8012659549713135,-0.6198734045028687,0.04405310824079658,0.12018083671477041,ok
AJAX,,,,,no_data
BDSX,256.20001220703125,13.233334011501736,0.040593260737553365,0.3224042609302834,ok
BOAC,,,,,no_data
GATO,,,,,no_data
MAX,31.860000610351562,0.6768421373869243,0.20841177848223424,0.2219083351971789,ok
ROOT,486.0,17.0,-0.14703701945489325,-0.36185182171103397,ok
LUXA,,,,,no_data
MACU,,,,,no_data
ACAC,,,,,no_data
ATAC,,,,,no_data
EUCR,,,,,no_data
FHTX,18.1200008392334,0.1325000524520874,-0.11810161136215527,-0.07781466277351426,ok
ABCM,,,,,no_data
BLSA,,,,,no_data
CTAC,,,,,no_data
GHLD,,,,,no_data
MCFE,,,,,no_data
RICE,,,,,no_data
TEKK,,,,,no_data
YSAC,,,,,no_data
HIGA,,,,,no_data
LFTR,,,,,no_data
MSP,,,,,no_data
SPNV,,,,,no_data
SRSA,,,,,no_data
XPOA,,,,,no_data
YGMZ,,,,,no_data
DCRB,,,,,no_data
GWAC,,,,,no_data
HLXA,,,,,no_data
HZON,,,,,no_data
ALGS,371.25,23.75,0.016835016835016835,0.4080808080808081,ok
BTWN,,,,,no_data
EAR,,,,,no_data
KRBP,,,,,no_data
OPT,,,,,no_data
PRAX,417.0,20.94736842105263,0.11474821607557704,0.1323741299928807,ok
TARS,20.579999923706055,0.2862499952316284,0.14188532979197943,0.21379978789319257,ok
TMPM,,,,,no_data
ARRY,36.45000076293945,0.6568182164972479,0.2054869055417137,0.07873796630486872,ok
EBC,10.62460994720459,0.06246099472045898,0.027160654288581762,0.1473254265369598,ok
MNSO,18.363285064697266,-0.08183574676513672,-0.03496149112192487,-0.02011477359480247,ok
MOTN,,,,,no_data
TMTS,,,,,no_data
CDAKQ,,,,,no_data
FVAM,,,,,no_data
IH,13.534110069274902,0.12784250577290854,0.5487501253387317,0.27437502743711517,ok
INTZ,182.1999969482422,21.774999618530273,0.20417122706544086,0.13062570499668402,ok
IPOD,,,,,no_data
IPOE,,,,,no_data
IPOF,,,,,no_data
KRON,,,,,no_data
LCY,,,,,no_data
SPRB,95625.0,6374.0,-0.09529411764705882,0.1288235294117647,ok
STTK,19.350000381469727,0.13823531655704274,0.03359171088971848,0.2124030295595661,ok
ELUT,14.5,-0.14705882352941177,-0.18620688339759564,-0.23517240326980066,ok
FUBO,123.12000274658203,11.312000274658203,0.051656861915831895,0.427875236598289,ok
PAIC,,,,,no_data
EMPW,25.40410041809082,1.540410041809082,0.0,0.0,ok
MAAC,,,,,no_data
NGAC,,,,,no_data
PACE,,,,,no_data
SQFT,33.48066329956055,5.696132659912109,-0.1093481018895936,-0.287826252413335,ok
TPGY,,,,,no_data
FMAC,,,,,no_data
APSG,,,,,no_data
ASAQ,,,,,no_data
ASO,12.54675579071045,-0.03486493917611929,0.02386459278940687,0.16474244477539038,ok
AVAN,,,,,no_data
CCCC,25.489999771118164,0.3415789353220086,-0.1055316029114117,-0.02942330352037896,ok
IACA,,,,,no_data
IMNM,13.449999809265137,0.1208333174387614,0.03397767919912911,-0.18364314513427202,ok
ONCR,,,,,no_data
SEAH,,,,,no_data
VGAC,,,,,no_data
VYGG,,,,,no_data
AGC,,,,,no_data
AVO,12.449999809265137,0.03749998410542806,-0.017670704449737187,0.032128560508644696,ok
IGAC,,,,,no_data
IMPX,,,,,no_data
LUNG,39.310001373291016,1.0689474406995272,0.0969218373312608,0.09234284219293751,ok
LXEH,1500.0,161.16216216216216,-0.05733333333333333,0.2,ok
RCHG,,,,,no_data
THRY,11.074999809265137,0.08898719855114423,0.0037020647329165067,-0.2686229777906255,ok
ASAN,28.799999237060547,0.3714285350981213,-0.08055554709316749,-0.23229162513657742,ok
BQ,1440.0,143.0,-0.1486111111111111,-0.40555555555555556,ok
CD,2.4222218990325928,-0.8205761556272153,0.02293599067280146,0.14220207913059013,ok
CLII,,,,,no_data
FGNA,,,,,no_data
PLTR,9.5,0.3103448275862069,0.05263157894736842,0.06631580152009663,ok
QELL,,,,,no_data
VSPR,,,,,no_data
YALA,7.0,-0.06666666666666667,0.15428570338657924,0.20142854963030135,ok
ORPHY,,,,,no_data
AMST,62.63999938964844,11.527999877929688,-0.08620686085246061,-0.195402266651239,ok
FTIV,,,,,no_data
GLSI,5.0,-0.13043478260869565,-0.14200000762939452,-0.18800001144409179,ok
GRAY,,,,,no_data
PMVP,37.5099983215332,1.0838887956407335,-0.1202345647385478,-0.0738468879503054,ok
PRLD,26.200000762939453,0.3789474085757607,0.2599235633697637,0.23473273023262517,ok
SYTA,,,,,no_data
VACQ,,,,,no_data
VIAOY,10.180000305175781,-0.32133331298828127,-0.11591358249526161,-0.13359534082333005,ok
PDAC,,,,,no_data
TSHA,24.059999465942383,0.20299997329711914,-0.15419780410736358,-0.16458849427981692,ok
ACTC,,,,,no_data
ASPL,0.3400000035762787,-0.9659999996423722,0.0,0.0,ok
BSY,32.71663284301758,0.4871196746826172,-0.0624063352878673,0.08898219068943175,ok
CRSR,14.25,-0.16176470588235295,0.41052634255927906,0.7312280755293997,ok
GDRX,50.5,0.5303030303030303,0.1009900687944771,0.039603960396039604,ok
LSF,40.79999923706055,0.8545454198663885,0.12426470072624171,0.25637253137424937,ok
VIH,,,,,no_data
FCAC,,,,,no_data
PMVC,,,,,no_data
AHAC,,,,,no_data
CMPS,29.0,0.7058823529411765,0.4886206265153556,0.27000006313981684,ok
NMMC,,,,,no_data
U,68.3499984741211,0.3144230475792518,0.31455743204062253,0.3065106809851485,ok
VTRU,,,,,no_data
AMWL,461.3999938964844,24.63333299424913,0.20156053694799742,0.5119202098265412,ok
BNL,11.47353458404541,-0.32508620093850527,0.01656421774213725,0.027175168418783906,ok
DYN,23.899999618530273,0.25789471676475123,-0.076987455311978,-0.2824267827505133,ok
OACB,,,,,no_data
PTVE,,,,,no_data
RTP,,,,,no_data
STWO,,,,,no_data
SUMO,,,,,no_data
ENPC,,,,,no_data
EQD,,,,,no_data
FROG,64.79000091552734,0.47250002080743964,0.16530327107783596,0.23753664411447978,ok
MTCR,,,,,no_data
SNOW,253.92999267578125,1.116083272298177,-0.14389790233557487,-0.044933598757231595,ok
STEP,21.973388671875,0.22074381510416666,0.035199868337722075,0.049999809034143305,ok
OM,910.2000122070312,32.711111563223376,-0.11618325486898196,-0.1756757001423684,ok
SAII,,,,,no_data
SBG,,,,,no_data
BSN,,,,,no_data
LEAP,,,,,no_data
LSPD,30.25,-0.00819672131147541,-0.016198339541096334,0.2578512144482825,ok
SNPR,,,,,no_data
TWCT,,,,,no_data
NSH,,,,,no_data
PIAI,,,,,no_data
SVAC,,,,,no_data
CRHC,,,,,no_data
ITAC,,,,,no_data
HEC,,,,,no_data
CAPA,,,,,no_data
TWND,,,,,no_data
BCTG,,,,,no_data
INAQ,,,,,no_data
CMLF,,,,,no_data
PRFX,2022.0,251.75,-0.03412462908011869,-0.3323442136498516,ok
AUVIQ,,,,,no_data
GP,210.0,9.5,-0.3509523664202009,-0.4823809669131324,ok
HCDIQ,,,,,no_data
BTAQ,,,,,no_data
CFII,,,,,no_data
XPEV,21.219999313354492,0.4146666208902995,-0.056079107691585854,-0.10179075953375481,ok
FTOC,,,,,no_data
CLA,,,,,no_data
FST,,,,,no_data
HZAC,,,,,no_data
KYMR,33.2599983215332,0.6629999160766602,0.0006013367039385318,-0.12146720421098557,ok
NNOX,21.700000762939453,0.20555559794108072,0.19723495985338907,0.32857137834500155,ok
BFT,,,,,no_data
HRMY,37.0099983215332,0.5420832633972168,-0.0813293287771354,-0.09213726025564555,ok
INBX,12.506738662719727,-0.26430949042825136,0.0,0.0,ok
AONE,,,,,no_data
FIII,,,,,no_data
NGA,,,,,no_data
STPK,,,,,no_data
CVAC,,,,,no_data
DCT,,,,,no_data
DGNR,,,,,no_data
DMYD,,,,,no_data
LCAP,,,,,no_data
BEKE,34.74870300292969,0.7374351501464844,0.0884082227523843,0.4078526854934218,ok
NTST,13.810108184814453,-0.23277176751030815,0.017464671511837483,0.022566616494997426,ok
RBAC,,,,,no_data
FAII,,,,,no_data
FSDC,,,,,no_data
KBNT,4.150000095367432,-0.16999998092651367,0.024096362008327758,-0.08433738192966457,ok
ARYA,,,,,no_data
CMPI,,,,,no_data
FRLN,,,,,no_data
IBEX,15.399999618530273,-0.18947370428788035,-0.048051934379774175,-0.34870129990766696,ok
VMAC,,,,,no_data
AFIB,26.5,0.4722222222222222,-0.07547169811320754,0.24075475728736734,ok
GRSV,,,,,no_data
KSMT,,,,,no_data
OSH,,,,,no_data
RKT,18.0731143951416,0.004061910841200087,-0.12877740602438895,0.057182631828954555,ok
BOWX,,,,,no_data
GOAC,,,,,no_data
HOL,,,,,no_data
RXT,16.389999389648438,-0.21952383858816965,-0.03599751195147723,0.1964613386585485,ok
HSAQ,,,,,no_data
YAC,,,,,no_data
ETAC,,,,,no_data
FTHM,10.029999732971191,0.0029999732971191405,0.02093719279539445,0.7756729750845685,ok
NHIC,,,,,no_data
PRPB,,,,,no_data
VITL,35.2599983215332,0.6027271964333274,0.10209876517832521,0.11741359618322535,ok
VSTA,,,,,no_data
ALVR,,,,,no_data
CCIV,,,,,no_data
LI,16.459999084472656,0.4313042682150136,0.12393687903979012,-0.009720525899849126,ok
VERX,23.93000030517578,0.2594737002724095,0.031759307111979294,0.17801923002735806,ok
ACEV,,,,,no_data
ACND,,,,,no_data
ANNX,17.760000228881836,0.044705895816578585,0.02646392496043809,0.3434684855211728,ok
GRCY,,,,,no_data
INZY,,,,,no_data
ITOS,,,,,no_data
NRIX,19.010000228881836,0.000526327835886102,0.019989434833844452,0.23829566712803565,ok
EDTK,4.75,-0.05,-0.0947368019505551,-0.1599999979922646,ok
ERES,,,,,no_data
MEG,22.0,0.4666666666666667,0.009999968788840553,0.14727271686900745,ok
JAMF,,,,,no_data
PSAC,,,,,no_data
PSTH,,,,,no_data
ALXO,30.0,0.5789473684210527,0.008333333333333333,0.5699999491373698,ok
CELL,,,,,no_data
DFHT,,,,,no_data
PAND,,,,,no_data
RNLX,,,,,no_data
RLAY,35.04999923706055,0.7524999618530274,0.03281031528990557,-0.03737510947528375,ok
TIG,,,,,no_data
DEH,,,,,no_data
GOCO,291.8999938964844,12.899999709356399,0.1294964683142535,-0.13566286972506683,ok
HPX,,,,,no_data
MLAC,9.949999809265137,-0.005000019073486328,0.0,0.0,ok
AACQ,,,,,no_data
NCNO,91.58999633789062,1.9545160108996975,-0.1814608121161354,-0.07631835509614254,ok
PTK,,,,,no_data
IVA,13.420000076293945,-0.06805555025736493,-0.1602086144789364,-0.09090911029008897,ok
NKTX,47.900001525878906,1.6611111958821614,-0.2271398898022394,-0.5089770415757391,ok
PSTX,,,,,no_data
QH,344790.34375,34478.034375,-0.17697729535095194,-0.30931872457637527,ok
BLCT,,,,,no_data
RACA,,,,,no_data
TXAC,,,,,no_data
ACCD,,,,,no_data
CPSR,,,,,no_data
LMND,69.41000366210938,1.3934484021417026,0.109494281416814,-0.1808097160295758,ok
DNB,,,,,no_data
PANA,,,,,no_data
ADTX,91484798976.0,10164977663.0,-0.239130454248898,-0.2490118269153795,ok
GSAH,,,,,no_data
ACI,10.08645248413086,-0.3695967197418213,0.004530648011821022,-0.013592227685532674,ok
AKUS,,,,,no_data
API,50.5,1.525,0.16792078301458074,-0.2328712538917466,ok
EBON,150.0,27.680688336520078,-0.15200002034505208,-0.04200002034505208,ok
FUSE,9.739999771118164,-0.026000022888183594,0.0,0.0,ok
FUSN,,,,,no_data
KCAC,,,,,no_data
PYPD,570.0,34.625,-0.19526313647889254,-0.14473684210526316,ok
BRLI,,,,,no_data
BIOR,,,,,no_data
FMTX,,,,,no_data
GTH,,,,,no_data
NUZE,,,,,no_data
RPTX,,,,,no_data
TREB,,,,,no_data
RPRX,39.149566650390625,0.3981988089425223,0.14494392576546183,-0.05168538406193071,ok
AZEK,,,,,no_data
BNR,246.3000030517578,13.927272912227746,0.1688996765297834,0.1510353085153025,ok
GBIO,,,,,no_data
PCVX,26.149999618530273,0.6343749761581421,0.3556405843241031,0.11701718969716628,ok
RNA,,,,,no_data
LTRN,14.949999809265137,-0.0033333460489908856,-0.1371237603270331,-0.1498327625215047,ok
UCL,17.239999771118164,-0.04222223493787977,0.038515056050493844,-0.19431551463287133,ok
VRM,,,,,no_data
AMTI,,,,,no_data
ARYB,,,,,no_data
CALT,,,,,no_data
DADA,,,,,no_data
FOUR,33.540000915527344,0.4582609093707541,0.036076298492660065,0.17441855439582998,ok
LEGN,37.0,0.6086956521739131,0.02810813285209037,0.05837837425438133,ok
MCAC,,,,,no_data
ZI,,,,,no_data
PLRX,21.299999237060547,0.3312499523162842,0.09295781786413838,0.3521126886685757,ok
WMG,26.788116455078125,0.071524658203125,0.030876442395872377,-0.010956028357482914,ok
WPF,,,,,no_data
NARI,,,,,no_data
LGVW,,,,,no_data
SLQT,27.0,0.35,0.05370373196072049,-0.05296297426576967,ok
BMRG,,,,,no_data
ADCT,30.0,0.5789473684210527,0.17666664123535156,0.3223332722981771,ok
NOVS,,,,,no_data
GIK,,,,,no_data
JWS,,,,,no_data
AYLA,,,,,no_data
CLEU,,,,,no_data
KC,23.84000015258789,0.4023529501522289,-0.03104025865695455,-0.1610738308729016,ok
LOAK,,,,,no_data
SOAC,,,,,no_data
GAN,,,,,no_data
ROCH,,,,,no_data
CGRO,19.02600860595703,0.9026008605957031,0.0,0.0,ok
LYRA,928.0,57.0,-0.1804956896551724,-0.13254310344827586,ok
FVAC,,,,,no_data
IPOB,,,,,no_data
CHAQ,,,,,no_data
ORIC,25.770000457763672,0.6106250286102295,0.03026770529458359,0.09545979979723042,ok
PCPL,,,,,no_data
IPOC,,,,,no_data
KROS,20.079999923706055,0.2549999952316284,0.3535856777114628,0.3637948372973668,ok
ZNTL,23.200000762939453,0.28888893127441406,0.0301723634728937,0.37629307134256457,ok
WIMI,55.0,9.0,-0.0027273004705255684,-0.11272728659889915,ok
ELVN,60.0,2.75,0.10666669209798177,0.046666653951009114,ok
DFPH,,,,,no_data
FEAC,24.97454261779785,1.4974542617797852,0.0,0.0,ok
LSAC,,,,,no_data
GFL,16.64971351623535,-0.12369928861919202,-0.008928492670328305,-0.21785669894704524,ok
PASG,444.0,23.666666666666668,-0.09009009009009009,-0.2918919056385487,ok
ZCMD,322.3999938964844,79.5999984741211,-0.10669973494952814,-0.39950369178457124,ok
DMYT,,,,,no_data
ESSC,,,,,no_data
CCXX,,,,,no_data
NBAC,,,,,no_data
RVMD,28.899999618530273,0.6999999775606043,0.07266437402038012,-0.3079584683739483,ok
SDOT,386.0,76.2,-0.04404145077720207,-0.38341968911917096,ok
ZGYH,,,,,no_data
HUIZ,50.0,3.761904761904762,0.046999969482421876,-0.17400001525878905,ok
CCAC,,,,,no_data
NREF,8.809676170349121,-0.53633283313952,0.01861714306127718,-0.11861681830212668,ok
ONEW,14.50252628326416,0.20854385693868002,0.15587853252590697,-0.36393658420881275,ok
PFHD,,,,,no_data
BEAM,18.75,0.10294117647058823,0.5573333740234375,0.20533335367838543,ok
CSPR,,,,,no_data
PPD,,,,,no_data
SDGR,28.639999389648438,0.6847058464499081,-0.07122901716667084,0.3006285193380115,ok
ARQT,21.799999237060547,0.28235289629767923,0.21055047308372263,0.2568807604336786,ok
ONEM,,,,,no_data
REYN,23.461410522460938,-0.09763805682842548,0.05779325388747287,-0.01120837335868941,ok
BDTX,37.5,0.9736842105263158,0.03306671142578125,-0.19493331909179687,ok
FRES,,,,,no_data
ANVS,9.59000015258789,0.5983333587646484,-0.37226278569953947,-0.49426487721965456,ok
GHIV,,,,,no_data
SCVX,,,,,no_data
DNK,,,,,no_data
SOGP,102.04728698730469,8.27702608975497,-0.045571835518889624,-0.13069646074902982,ok
VEL,13.510000228881836,0.0392307868370643,0.009622510158290168,0.06439673359140188,ok
GMFI,,,,,no_data
WTMA,,,,,no_data
AOGO,9.850000381469727,-0.014999961853027344,0.0,0.0,ok
GDNR,,,,,no_data
NXGL,3.5199999809265137,-0.3600000034679066,-0.24999996613372438,-0.2926136298212877,ok
LSPR,,,,,no_data
NVAC,,,,,no_data
SAGA,,,,,no_data
APCA,,,,,no_data
RCAC,,,,,no_data
ADRT,,,,,no_data
BNOX,,,,,no_data
CFFS,,,,,no_data
FLD,9.699999809265137,-0.030000019073486327,0.0,0.0,ok
IMMX,3.6700000762939453,-0.26599998474121095,-0.19618528982083916,0.5831062185280985,ok
SANG,17.09000015258789,-0.24647265641146865,-0.024575779552017493,-0.04037451889391191,ok
SHAP,,,,,no_data
AHRN,,,,,no_data
BFAC,,,,,no_data
EVE,,,,,no_data
GNTA,11.0,-0.043478260869565216,0.06090909784490412,-0.07181817835027521,ok
IOT,24.700000762939453,0.07391307664954144,0.09311737514241407,-0.07246967045495437,ok
IVCB,,,,,no_data
IVCP,,,,,no_data
PRLH,,,,,no_data
KACL,,,,,no_data
SIDU,1219.0,242.8,-0.23297785069729288,-0.18867924528301888,ok
ALSA,,,,,no_data
BRKH,,,,,no_data
ATEK,9.550000190734863,-0.04499998092651367,0.0,0.0,ok
FRBN,,,,,no_data
FXCO,,,,,no_data
GFGD,,,,,no_data
HAIA,,,,,no_data
PORT,,,,,no_data
TCOA,,,,,no_data
XPDB,,,,,no_data
GGAA,,,,,no_data
HCP,,,,,no_data
HORI,,,,,no_data
IGTA,9.75,-0.025,0.0,0.0,ok
NRSN,4.039999961853027,-0.3266666730244954,-0.17821783054670798,-0.37623762259377225,ok
NU,10.329999923706055,0.14777776930067274,-0.03194578181445541,-0.12875120363300988,ok
RJAC,,,,,no_data
SCUA,,,,,no_data
TGAA,,,,,no_data
WEL,,,,,no_data
CING,1068.0,177.0,-0.3258426966292135,-0.44719098837634597,ok
REFI,9.1843843460083,-0.4259759783744812,-0.029714890932737312,0.05094000586676219,ok
APXI,,,,,no_data
DAOO,,,,,no_data
GLLI,,,,,no_data
JWAC,,,,,no_data
MTVC,,,,,no_data
BIOS,,,,,no_data
BOCN,,,,,no_data
BPAC,,,,,no_data
STET,,,,,no_data
GEEX,,,,,no_data
ROC,,,,,no_data
UTAA,,,,,no_data
CMCAF,11.199999809265137,0.11999998092651368,0.0,0.0,ok
PACI,,,,,no_data
ROCL,,,,,no_data
TLGY,,,,,no_data
CNGL,9.829999923706055,-0.01700000762939453,0.0,0.0,ok
BRD,,,,,no_data
MNTN,,,,,no_data
MAAQ,,,,,no_data
VHNA,,,,,no_data
LAX,,,,,no_data
LGTO,,,,,no_data
AHI,,,,,no_data
ALOR,,,,,no_data
CREEF,,,,,no_data
FINW,12.729999542236328,0.2123809087844122,0.003927744896531202,0.04006286309671322,ok
IFIN,,,,,no_data
NFNT,,,,,no_data
ZING,,,,,no_data
ARIZ,,,,,no_data
BLEU,,,,,no_data
SG,49.5,0.7678571428571429,-0.19090910632200916,-0.4517171840475063,ok
BRZE,93.38999938964844,0.4367692213792067,-0.2070885155186575,-0.33376162729047265,ok
IREN,24.450000762939453,-0.12678568703787668,-0.17914114239024087,-0.2760736110172822,ok
LFAC,,,,,no_data
NETC,,,,,no_data
SGII,,,,,no_data
SUAC,,,,,no_data
USER,,,,,no_data
ENCP,,,,,no_data
BTBD,4.400000095367432,-0.11999998092651368,-0.06363640994079742,0.03977266138742921,ok
DERM,9.899999618530273,-0.010000038146972656,-0.11212118176243259,-0.31818179190979745,ok
IRRX,,,,,no_data
MCAG,9.720000267028809,-0.02799997329711914,0.0,0.0,ok
MYNA,,,,,no_data
BEAT,4.690000057220459,-0.21833332379659018,-0.1087420517397795,-0.2707889052093493,ok
BLZE,19.899999618530273,0.2437499761581421,0.554773925987779,0.07437183771894135,ok
LGVC,,,,,no_data
LVLU,195.89999389648438,11.243749618530273,0.12940279169641442,-0.12021433653240853,ok
PIK,,,,,no_data
TIVC,8823.0,1763.6,-0.12138728323699421,-0.13680154142581888,ok
VAXX,16.549999237060547,0.2730768643892728,-0.07432021745849875,-0.5643504307842165,ok
VMGA,,,,,no_data
WBEV,,,,,no_data
WEAV,18.790000915527344,-0.2170832951863607,0.06333148316802979,-0.20276749269035826,ok
ACDI,,,,,no_data
AFAC,,,,,no_data
BCSA,,,,,no_data
BJDX,170240.0,17023.0,-0.37969924812030076,-0.44548872180451127,ok
CBRG,,,,,no_data
CINT,18.1200008392334,0.20800005594889323,-0.048013289124671225,-0.23896250975910882,ok
EXFY,41.060001373291016,0.520740791603371,0.08670232439177367,-0.11446664894650348,ok
RCFA,,,,,no_data
RIVN,100.7300033569336,0.29141029944786656,0.4501141909687452,0.1382904779206178,ok
APNC,,,,,no_data
DPCS,,,,,no_data
GVCI,,,,,no_data
HTAQ,,,,,no_data
OLIT,,,,,no_data
SOPA,724.5,79.5,-0.05527948625668565,-0.8784679046904654,ok
SWAG,3.9600000381469727,-0.04578312333807896,0.34090906354240397,0.34090906354240397,ok
TCBX,25.010000228881836,0.0004000091552734375,0.09356258021483868,0.12315073552655291,ok
CIAN,,,,,no_data
IOBT,15.649999618530273,0.11785711560930524,-0.2651757009384521,-0.35143770824682724,ok
IQMD,,,,,no_data
MCAA,,,,,no_data
NPAB,,,,,no_data
RGF,,,,,no_data
RRAC,,,,,no_data
SVNA,,,,,no_data
ARHS,11.78792953491211,-0.09323618962214543,-0.11718751769744687,-0.3109375480359272,ok
CDRE,14.488506317138672,0.11450048593374398,0.2949640278298875,0.4432455915167552,ok
CNDB,,,,,no_data
DHAC,,,,,no_data
EVO,22.0,-0.15902140672782875,0.06863637404008345,0.019090912558815697,ok
FNVT,,,,,no_data
JUN,,,,,no_data
LGST,,,,,no_data
LION,9.699999809265137,-0.030000019073486327,0.0,0.0,ok
MDXH,12.0,-0.10846953937592874,-0.08249998092651367,-0.25,ok
MPRA,,,,,no_data
NRDS,28.299999237060547,0.5722221798366971,-0.1151942900854937,-0.47667841629401475,ok
SHCA,,,,,no_data
SZZL,,,,,no_data
TOAC,,,,,no_data
BIRD,577.7999877929688,37.519999186197914,-0.28625821632199266,-0.5088265943427867,ok
CMTG,12.681920051574707,-0.320004286778836,-0.0029409028770359235,0.07941204803113741,ok
FRLA,,,,,no_data
INTE,9.800000190734863,-0.019999980926513672,0.0,0.0,ok
MLAI,,,,,no_data
ONYX,,,,,no_data
TGVC,,,,,no_data
TRAQ,,,,,no_data
LIANY,-0.008632396347820759,-1.0005395247717388,0.027007330376153108,-0.1277371853275959,ok
LIBY,,,,,no_data
VSAC,,,,,no_data
AEAE,10.0,0.0,0.0,0.0,ok
AIRS,15.2312650680542,0.38466046073219995,-0.09754564154754398,-0.25110137730314663,ok
ARCK,,,,,no_data
AURA,14.800000190734863,0.05714287076677595,0.26283785764800077,0.19932430886804337,ok
BFRI,88.19999694824219,16.639999389648438,-0.2653060624278257,0.6099773799689461,ok
CCTS,,,,,no_data
HRT,,,,,no_data
PEGR,,,,,no_data
SEDA,,,,,no_data
SONX,1840.0,152.33333333333334,-0.013043478260869565,0.07391304347826087,ok
TRDA,23.950000762939453,0.19750003814697265,0.033402889836165524,0.26513562721664563,ok
UDMY,27.5,-0.05172413793103448,-0.029818170720880683,-0.0116363525390625,ok
ADAL,,,,,no_data
DTC,,,,,no_data
FIAC,,,,,no_data
FLNC,35.0,0.25,-0.014285714285714285,-0.02628566196986607,ok
GFS,46.400001525878906,-0.012765924981299867,0.3508620311190496,0.5202585904266558,ok
PCCT,,,,,no_data
SCMA,,,,,no_data
AIP,18.200000762939453,0.30000005449567524,0.22857141060582212,0.4445054842558857,ok
DMAQ,,,,,no_data
INFA,,,,,no_data
IOAC,,,,,no_data
LVAC,,,,,no_data
MRAI,19.0,3.75,0.16000004818564967,-0.193684226588199,ok
OHAA,,,,,no_data
PHYT,,,,,no_data
RENT,385.79998779296875,17.37142799014137,-0.1772939244704947,-0.17677548949548225,ok
USCTF,,,,,no_data
ARIS,4.112607479095459,-0.6836455785311185,-0.037153658599082665,0.01995428743955051,ok
ICNC,,,,,no_data
MBSC,,,,,no_data
PGSS,,,,,no_data
UTRS,180.0,14.0,0.03999998304578993,-0.16111111111111112,ok
XLO,224.0,13.0,0.049374989100864956,0.4268749782017299,ok
COCO,13.520000457763672,-0.09866663614908854,-0.01997044738327859,0.0850591405024622,ok
ENER,,,,,no_data
ENFN,,,,,no_data
GOGN,,,,,no_data
GTAC,,,,,no_data
NHIC,,,,,no_data
PTLO,29.100000381469727,0.4550000190734863,0.2821306145772165,0.4243986329750686,ok
RWAY,7.109736919403076,-0.5130317178491044,-0.032557915558336946,0.05255174662658761,ok
THAC,,,,,no_data
VTYX,21.020000457763672,0.3137500286102295,-0.04900098307395994,0.03520455542353937,ok
XFIN,,,,,no_data
ACAQ,,,,,no_data
AXH,,,,,no_data
CNTX,5.099999904632568,0.019999980926513672,0.3156863065922738,-0.04117647883801327,ok
CYN,111000.0,14799.0,0.10405405405405406,-0.10675675675675676,ok
ESAC,,,,,no_data
NCAC,,,,,no_data
SDIG,,,,,no_data
WWAC,,,,,no_data
BMAQ,,,,,no_data
ENTF,,,,,no_data
FEXD,,,,,no_data
SMAP,24.417207717895508,1.4417207717895508,0.0,0.0,ok
AVHI,,,,,no_data
CDAQ,,,,,no_data
FNA,,,,,no_data
FOUN,,,,,no_data
INKT,120.0,9.0,0.0033333460489908856,0.4525000254313151,ok
PEPL,,,,,no_data
SANB,,,,,no_data
BMAC,,,,,no_data
GTLB,103.88999938964844,0.34922077129413553,0.08451245385387605,0.15073639189634774,ok
IHS,17.0,-0.19047619047619047,0.00470587786506204,-0.07764704087201287,ok
LUCD,11.760000228881836,-0.15999998365129744,-0.08588437153269246,-0.11224495091902251,ok
ROSE,,,,,no_data
TRIS,,,,,no_data
AVDX,,,,,no_data
FATP,,,,,no_data
HCTI,536346.0,134085.5,-0.19220055710306408,-0.25069637883008355,ok
GIAC,,,,,no_data
CGTX,12.770000457763672,0.06416670481363933,-0.06812848927538379,-0.05011748789199598,ok
HWKZ,,,,,no_data
ISO,,,,,no_data
JMAC,,,,,no_data
LCW,,,,,no_data
SAMA,,,,,no_data
IXAQ,,,,,no_data
LTH,17.75,-0.013888888888888888,-0.029859193613831426,0.09915494247221611,ok
TCN,,,,,no_data
THRX,,,,,no_data
AVAC,,,,,no_data
NFYS,,,,,no_data
NVEI,,,,,no_data
PBAX,,,,,no_data
PCX,,,,,no_data
BHAC,,,,,no_data
RNER,,,,,no_data
DMYS,,,,,no_data
EXAI,,,,,no_data
FWRG,22.1299991607666,0.22944439782036674,0.008133769182192137,-0.05151375656938556,ok
GATE,,,,,no_data
MTRY,,,,,no_data
PYXS,13.199999809265137,-0.17500001192092896,0.0,0.0,ok
TDCX,,,,,no_data
ARTE,,,,,no_data
HPLT,,,,,no_data
OLPX,24.5,0.16666666666666666,0.028571459711814413,0.17020408474669166,ok
HCVI,,,,,no_data
MEKA,,,,,no_data
WRBY,54.4900016784668,0.36225004196166993,-0.05927699132756711,-0.008992506209821505,ok
AMPL,54.79999923706055,0.5657142639160156,-0.04653283344091754,0.33339417357889123,ok
BACA,,,,,no_data
PRBM,,,,,no_data
CWAN,25.3700008392334,0.40944449106852215,-0.03586920475593645,0.013795761235444626,ok
DSAQ,,,,,no_data
ARBK,3618.0,240.2,-0.04477611940298507,0.08955223880597014,ok
BRLT,15.226195335388184,0.26884961128234863,-0.2172897695283231,-0.2914719773606409,ok
ESMT,,,,,no_data
LOCC,,,,,no_data
RELY,48.45000076293945,0.1267442037892896,-0.2425180560366028,-0.3252838366988358,ok
SOVO,,,,,no_data
STER,,,,,no_data
THRN,,,,,no_data
AKA,119.87999725341797,9.898181568492543,-0.09909907845847278,0.03303302615282426,ok
ARGU,,,,,no_data
FRSH,47.54999923706055,0.32083331214057076,-0.11104098557338431,-0.013249234032042013,ok
IPAX,,,,,no_data
TOST,62.5099983215332,0.5627499580383301,-0.20364741455849866,-0.20620700265173644,ok
VBNK,10.149727821350098,0.014972782135009766,0.06860249891921842,0.14874758533053595,ok
HHGC,,,,,no_data
ACT,16.510379791259766,-0.1310326425652755,0.06295757696742933,0.06344555124342176,ok
FLYA,,,,,no_data
FORG,,,,,no_data
AEHA,,,,,no_data
BROS,36.68000030517578,0.5947826219641644,0.38713196959640545,0.4457469557821679,ok
CIIG,,,,,no_data
DH,43.290000915527344,0.6033333672417535,0.023330984064981502,-0.022869061157993673,ok
DICE,,,,,no_data
EDNC,,,,,no_data
EZFL,,,,,no_data
KTTA,71.19999694824219,13.239999389648437,-0.23033705637801338,-0.16292133386681948,ok
ONON,35.0,0.4583333333333333,0.02142857142857143,-0.15085716247558595,ok
PRCT,41.939998626708984,0.6775999450683594,-0.0701001126127048,0.03886507204311609,ok
SIER,,,,,no_data
TWKS,,,,,no_data
TYRA,26.0,0.625,-0.2919230827918419,-0.3715384556696965,ok
WINV,9.699999809265137,-0.030000019073486327,0.0,0.010309317880007515,ok
PAFO,,,,,no_data
SRAD,25.049999237060547,-0.07222225047923901,0.03393215199033549,-0.05548899928076584,ok
BNIX,,,,,no_data
FHLT,,,,,no_data
FLAG,,,,,no_data
SLVR,20.632766723632812,1.0632766723632812,0.0,0.0,ok
BNNR,,,,,no_data
DWAC,,,,,no_data
OXUS,,,,,no_data
DTRT,,,,,no_data
GIPR,6.62608528137207,-0.33739147186279295,0.0,0.0,ok
INAQ,,,,,no_data
CNDA,9.958000183105469,-0.004199981689453125,0.0,0.0,ok
CHWA,,,,,no_data
DDI,17.75,-0.013888888888888888,-0.09295772498762103,-0.007887289557658451,ok
REVE,,,,,no_data
CCAI,,,,,no_data
MEOA,,,,,no_data
RNXT,7.260000228881836,-0.19333330790201822,0.18595032854473245,-0.03305788435109821,ok
SWSS,9.729999542236328,-0.027000045776367186,0.0,0.0030833184025631003,ok
WAVC,,,,,no_data
AACI,,,,,no_data
APMI,,,,,no_data
CENQ,,,,,no_data
DRMA,12456.0,1778.4285714285713,-0.11175337186897881,-0.15606936416184972,ok
JAQC,,,,,no_data
KCGI,,,,,no_data
AFTR,,,,,no_data
OXAC,,,,,no_data
PPHP,,,,,no_data
SSBK,,,,,no_data
CNTQ,,,,,no_data
DCRD,,,,,no_data
PONO,,,,,no_data
TPBA,,,,,no_data
VCXA,,,,,no_data
WQGA,,,,,no_data
AHPA,,,,,no_data
ASPA,,,,,no_data
CPAA,,,,,no_data
ELYM,,,,,no_data
IVVD,20.8799991607666,0.22823524475097656,0.2768199673832409,0.9995211531640293,ok
NOVV,,,,,no_data
ROCG,,,,,no_data
RVAC,,,,,no_data
EWCZ,19.131938934326172,0.12540817260742188,0.012155149329365227,0.14259001862890985,ok
GLEE,,,,,no_data
WEBR,,,,,no_data
AMCI,10.100000381469727,0.010000038146972656,0.0,0.0,ok
BWC,,,,,no_data
HWEL,,,,,no_data
DOLE,13.0483980178833,-0.1844751238822937,0.0379311511706748,0.09862086148631982,ok
IMRX,17.59000015258789,0.1726666768391927,0.6048891016116933,0.4980102417789371,ok
INAB,300.0,29.0,-0.025999959309895834,-0.29,ok
MXCT,17.0,0.3076923076923077,-0.06647059496711283,-0.0982352986055262,ok
OMGA,,,,,no_data
RANI,11.0,0.0,0.07272729006680576,0.6054545315829191,ok
RXST,16.0,0.0,-0.16437500715255737,-0.03374999761581421,ok
TNYA,15.350000381469727,0.023333358764648437,0.20521169643310905,0.6794788303566891,ok
COOK,1100.0,60.111111111111114,0.33636363636363636,0.16545454545454547,ok
HOOD,34.81999969482422,-0.0836842185572574,0.46381394794439085,0.25330269305359177,ok
ICVX,,,,,no_data
IMAQ,9.630000114440918,-0.036999988555908206,0.0,0.007268919417690233,ok
MTAL,,,,,no_data
NUVL,18.75,0.10294117647058823,0.32480000813802085,0.822933349609375,ok
RLYB,112.80000305175781,7.6769233116736775,0.6595743961314101,-0.087234075364077,ok
RSKD,26.0,0.23809523809523808,0.08884613330547626,0.25961538461538464,ok
SWAG,3.9600000381469727,-0.6039999961853028,0.0,0.0,ok
DALS,,,,,no_data
DUOL,134.2550048828125,0.3162255380667892,0.05396443226464039,-0.10543373352112215,ok
MLNK,,,,,no_data
PLMJ,,,,,no_data
PWSC,,,,,no_data
SEPA,,,,,no_data
SNPO,,,,,no_data
ALPA,,,,,no_data
CADL,7.0,-0.125,0.07142857142857142,0.12000002179827009,ok
WRAC,,,,,no_data
BLNG,,,,,no_data
CNM,23.700000762939453,0.18500003814697266,0.11814342392085518,0.22869197897957014,ok
CRBU,16.31999969482422,0.019999980926513672,-0.007352875865728263,0.7916666861453091,ok
CTKB,18.760000228881836,0.1035294252283433,0.18230277369766268,0.1940298158442717,ok
GAMB,8.0,0.0,-0.125,-0.1537500023841858,ok
OB,,,,,no_data
SOPH,16.760000228881836,-0.06888887617323133,-0.06622915245781101,0.08532221274743894,ok
USCB,10.360631942749023,0.036063194274902344,-0.015711654459582232,0.15526785475947427,ok
XPOF,12.25,0.020833333333333332,-0.04326528432417889,-0.05877553200235172,ok
ABSI,21.59000015258789,0.34937500953674316,0.3219083239379408,0.03705415615593012,ok
BASE,,,,,no_data
INST,,,,,no_data
RYAN,26.88839340209961,0.14418695328083445,0.06872724646814396,0.17018191192020124,ok
ZENV,10.199999809265137,-0.21538463005652794,0.07843139271514356,0.5431372613184547,ok
ZVIA,13.649999618530273,-0.025000027247837613,-0.01318676604628695,-0.049816803700004936,ok
KLTR,12.0,0.2,-0.059166669845581055,0.09999998410542806,ok
LAW,41.0,0.28125,-0.012195121951219513,0.31390241297279914,ok
PFTA,,,,,no_data
PYCR,,,,,no_data
VEEE,74.9000015258789,11.483333587646484,-0.36448601462745384,-0.4432576780585035,ok
VTEX,22.18000030517578,0.1673684371145148,0.1036969885218547,0.03336337966350174,ok
CLAY,,,,,no_data
CLOE,,,,,no_data
HCWB,252.0,30.5,-0.14126986549014137,-0.30952380952380953,ok
TRTL,,,,,no_data
APAC,,,,,no_data
BLND,20.899999618530273,0.16111108991834852,-0.16363637027350558,-0.11818178748503667,ok
BRDG,,,,,no_data
BSAQ,,,,,no_data
ERAS,17.43000030517578,0.08937501907348633,0.09695929457647669,0.11990821090044801,ok
IMGO,,,,,no_data
RGC,0.27631598711013794,-0.9709141066199855,-0.12857377983106738,-0.16666785308208074,ok
STVN,19.44734764099121,-0.07393582661946614,0.034061948344308375,0.00965926772734945,ok
TCRX,10.5,-0.3,-0.04380952744256882,0.07142857142857142,ok
TWCB,,,,,no_data
CLAQ,,,,,no_data
FXLV,16.200000762939453,0.01250004768371582,-0.030864254946096212,-0.05000002354751287,ok
PECO,23.647851943969727,-0.15543385914393834,-0.0039526434502836485,0.07451982270128489,ok
RPID,21.399999618530273,0.06999998092651367,-0.01822427086917968,-0.08037380112218057,ok
SERA,11.899999618530273,-0.2562500238418579,-0.15294115572828904,-0.1697478629279854,ok
SGHT,33.5,0.3958333333333333,0.11492532758570428,0.10388058335033816,ok
UPTD,,,,,no_data
IINN,4.75,-0.1379310344827586,-0.046315745303505344,-0.17473682604337992,ok
JATT,,,,,no_data
ARYE,,,,,no_data
UNCY,58.5,10.7,-0.5128205128205128,-0.5213675213675214,ok
GWII,,,,,no_data
ACRO,,,,,no_data
GLTA,,,,,no_data
RNAZ,3910368.0,977591.0,-0.391304347826087,-0.3837429111531191,ok
SNTG,174.4499969482422,33.88999938964844,-0.11980506885698154,-0.872456288969719,ok
ALCC,,,,,no_data
MITQ,24.0,7.0,-0.7712500095367432,-0.8629166682561239,ok
RICO,,,,,no_data
NYXH,30.110000610351562,0.00366668701171875,0.17901027168346856,0.09332439394330988,ok
ABOS,20.100000381469727,0.2562500238418579,-0.11542286819870093,-0.24029849910644038,ok
CORS,,,,,no_data
CURV,24.149999618530273,0.14999998183477492,0.02691509850093452,0.018219484099701814,ok
DNUT,20.054182052612305,0.17965776780072382,-0.13333352989352365,-0.25047623839339817,ok
DRAY,,,,,no_data
EVCM,17.600000381469727,0.035294140086454505,-0.03465912483694066,0.03806818532795938,ok
FICV,,,,,no_data
GGGV,,,,,no_data
HEPS,13.430000305175781,0.11916669209798177,0.05361126559893018,-0.034996296079582025,ok
WAVE,10.850000381469727,0.3562500476837158,0.3502303321159703,-0.23870968309008048,ok
AVTE,,,,,no_data
CPOP,303.0,49.5,-0.13333331318971742,-0.8118811881188119,ok
CVRX,28.0,0.5555555555555556,-0.28428568158830914,-0.2950000081743513,ok
DIDIY,14.140000343322754,0.01000002452305385,-0.157708659247926,-0.27086278859354285,ok
DNAA,,,,,no_data
DNAB,,,,,no_data
DNAC,,,,,no_data
DNAD,,,,,no_data
IAS,,,,,no_data
INTA,28.0,0.07692307692307693,0.024642876216343472,0.21071434020996094,ok
LZ,37.849998474121094,0.35178565979003906,-0.029062048044022716,-0.02826947788533735,ok
MCAF,,,,,no_data
S,42.5,0.21428571428571427,0.2115294512580423,0.16023532643037683,ok
SHQA,,,,,no_data
THCP,,,,,no_data
XMTR,87.38999938964844,0.9861363497647372,-0.28195445201670416,-0.09406112001503006,ok
YOU,35.48820114135742,0.14478068197927169,0.02524965282775409,0.23574970662749373,ok
DDL,23.520000457763672,0.0008510833090924203,0.1275510179256708,0.016581606380016177,ok
EOCW,,,,,no_data
GOBI,,,,,no_data
ACXP,157.8000030517578,25.3000005086263,-0.2585551474189488,-0.33206590945813796,ok
ELEV,,,,,no_data
GHRS,19.25,0.203125,0.10285711907721184,-0.13090911468902192,ok
GMVDF,120.75,23.15,0.055072476404794256,-0.19710147454871896,ok
LENZ,61.64075469970703,2.62592674704159,0.5345944371700937,0.20054058623579515,ok
MCW,20.299999237060547,0.3533332824707031,0.12019707516062601,0.12955670773197822,ok
MFLTF,,,,,no_data
TKNO,25.0,0.5625,-0.07080001831054687,-0.3012000274658203,ok
BON,1800.0,359.0,0.03611111111111111,0.5486111111111112,ok
CFLT,45.02000045776367,0.2505555682712131,-0.01710351954540875,-0.11150600636873108,ok
DOCS,53.0,1.0384615384615385,-0.0037735993007443984,0.25471698113207547,ok
FTVI,,,,,no_data
GLUE,21.18000030517578,0.11473685816714638,0.05004718841686463,0.07743150925487328,ok
MIRO,,,,,no_data
NEUE,,,,,no_data
NLIT,,,,,no_data
UPXI,112.0,21.4,0.041071414947509766,-0.21785715648106166,ok
CXM,17.600000381469727,0.10000002384185791,0.16988634694952645,0.08409088125898878,ok
FA,17.741750717163086,0.18278338114420573,0.010659887180818051,-0.0380710717198749,ok
MITA,,,,,no_data
GPCO,,,,,no_data
YMM,20.209190368652344,0.06364159835012335,-0.23095241196303767,-0.27857145284063817,ok
AMAM,,,,,no_data
ATMC,,,,,no_data
COYA,4.570000171661377,-0.08599996566772461,0.02844630912924008,-0.048140100386217216,ok
HSPO,,,,,no_data
ATMV,,,,,no_data
LIPO,37.68000030517578,5.553043531334919,-0.22292992437625955,-0.43736728791832336,ok
RAYA,7414.0,1852.5,0.05934718100890208,-0.258160237388724,ok
JEWL,4.739999771118164,0.053333282470703125,-0.17721513002364067,-0.4198311956139027,ok
ACRV,16.639999389648438,0.331199951171875,-0.2469951807350445,-0.3076922547887749,ok
ATAT,12.225146293640137,0.11137693578546698,0.019410023952735764,0.2880434074590091,ok
ASPI,2.6700000762939453,-0.33249998092651367,-0.08239701210630575,-0.3932584425177287,ok
PLTN,,,,,no_data
SNAL,2.25,-0.55,0.35555553436279297,-0.07111114925808376,ok
MBLY,28.969999313354492,0.37952377682640437,-0.12012425352844691,0.014842951859427942,ok
PRME,15.369999885559082,-0.09588235967299517,0.12556924956875246,0.1737150975828482,ok
HUDA,,,,,no_data
TENK,,,,,no_data
SVII,,,,,no_data
AQU,,,,,no_data
DMYY,9.930000305175781,-0.006999969482421875,0.0,0.0,ok
LASE,2.5799999237060547,-0.48400001525878905,-0.1240309855448105,0.08914729685073075,ok
QOMO,,,,,no_data
NXU,,,,,no_data
GLST,,,,,no_data
NXL,2.25,-0.45783132530120485,-0.4533333248562283,-0.41777780320909286,ok
CRBG,16.217140197753906,-0.2277552286783854,0.006274072467565827,0.009910552861692134,ok
THRD,,,,,no_data
WLDS,684.0,159.94117647058823,-0.39649124591671236,-0.6561403553388272,ok
EFHT,,,,,no_data
BIAF,249.0,39.61990212071778,-0.32168677150006275,-0.6975903491897276,ok
SHPH,7696.0,945.6174661746617,-0.05405405405405406,-0.8807172557172557,ok
HPCO,77.80000305175781,11.966667175292969,-0.41516711805614803,-0.668380485539356,ok
JZ,562.5,111.5,-0.7162666558159723,-0.8661333279079861,ok
ONFO,2.4000000953674316,-0.5199999809265137,-0.25166669481330334,-0.5125000372529015,ok
PXMD,83.47000122070312,14.8990478515625,0.052953134111719855,-0.5580448202928913,ok
MOB,5.46999979019165,0.3244551550100849,-0.5082266617187182,-0.6873857214376493,ok
STBX,,,,,no_data
GCT,15.6899995803833,0.2808162922761878,0.6061186384253445,-0.1542383165927726,ok
LUCY,117.80000305175781,14.706667073567708,-0.25806452239667643,-0.6179966143105418,ok
CHG,,,,,no_data
FRZA,,,,,no_data
REBN,38.400001525878906,6.680000305175781,-0.23958334368136153,-0.4645833685166292,ok
HMAC,,,,,no_data
TGL,1247400.0,311849.0,-0.6734006734006734,-0.8249158249158249,ok
EMCG,,,,,no_data
MEGL,96.02999877929688,23.00749969482422,-0.9152577286252217,-0.9463917543587574,ok
PTWO,,,,,no_data
MOBV,,,,,no_data
BRSH,,,,,no_data
MGAM,11.1899995803833,1.7974998950958252,-0.4530830996376634,-0.7676496870303271,ok
MAIA,4.460000038146973,-0.10799999237060547,0.1704035303910984,-0.16816143353927138,ok
VRAX,182.0,35.4,0.14285714285714285,-0.7527472527472527,ok
HKD,16.209999084472656,1.0782050108298276,3.1949416311279313,10.875386235178336,ok
ILAG,61.20000076293945,14.300000190734863,-0.521241848500048,-0.5555555486298163,ok
IE,10.800000190734863,-0.08085104759703292,-0.1944444763317024,-0.21018522385870572,ok
SKGR,,,,,no_data
GSUN,163.0,39.75,0.20000003744488112,0.7269938650306749,ok
FLFV,,,,,no_data
HSCS,242.0,55.94117647058823,-0.2644628099173554,-0.4628099173553719,ok
LYT,,,,,no_data
ACAC,,,,,no_data
PEV,,,,,no_data
SVRE,22118.400390625,3812.5173087284484,0.06250001655684548,-0.14453128276875668,ok
TOP,16.989999771118164,2.397999954223633,0.03060626631953445,0.7539729039736954,ok
BNRG,7700.0,1485.4864864864865,-0.2909090909090909,-0.23136363636363635,ok
BGXX,,,,,no_data
GV,375.0,92.75,-0.9372000020345052,-0.95,ok
OKYO,3.619999885559082,-0.09500002861022949,-0.3867403042010409,-0.389502732593138,ok
ACDC,18.110000610351562,0.00611114501953125,-0.04307016346535429,0.2136940254807445,ok
ASNS,240.0,59.0,-0.37083333333333335,-0.4166666666666667,ok
PFHC,,,,,no_data
PNAC,,,,,no_data
HNVR,19.45595932006836,-0.07352574666341145,0.018957453762678513,-0.00805674138765001,ok
MCAC,,,,,no_data
GBBK,,,,,no_data
IVCA,,,,,no_data
BLCO,20.0,0.1111111111111111,-0.11400003433227539,-0.19200000762939454,ok
PEPG,12.890000343322754,0.07416669527689616,-0.08999230179907067,-0.1582622115995352,ok
RENE,,,,,no_data
EDBL,433500.0,86699.0,-0.35294117647058826,-0.3944636678200692,ok
AUST,4.369999885559082,0.09249997138977051,-0.5537757211098325,-0.6109839605942635,ok
ASCB,,,,,no_data
BLTE,10.59000015258789,0.7650000254313151,0.5269121665066703,0.42776200828138705,ok
HLVX,,,,,no_data
CHEA,,,,,no_data
CLRC,,,,,no_data
OST,9915.0,2477.75,-0.9041855774079677,-0.9465456379223399,ok
TNON,1800.0,359.0,0.5360000271267361,-0.8448888821072048,ok
AIMAU,,,,,no_data
ACON,393638.40625,90490.58764367817,-0.23897058444103483,-0.3966911971638946,ok
JCSE,39.53373336791992,8.88343334197998,-0.7710526219297265,-0.19105254763072546,ok
YOTA,9.829999923706055,-0.01700000762939453,0.0,0.0,ok
STSS,13926.0,3275.705882352941,-0.17061611374407584,-0.44075829383886256,ok
AFAR,,,,,no_data
EE,26.161842346191406,0.09007676442464192,-0.043575618568801884,-0.10651762788032376,ok
GNS,305.0,49.833333333333336,-0.8009836040559363,-0.8095082017241931,ok
DECA,,,,,no_data
MSSA,,,,,no_data
XPON,793.0,112.28571428571429,-0.2547288776796974,-0.5762925598991173,ok
RVSN,22248.0,5385.9249394673125,-0.27184466019417475,-0.5825242718446602,ok
RWOD,,,,,no_data
ANTX,15.399999618530273,0.026666641235351562,0.025324698245672704,-0.02662336737455312,ok
LCFY,66.80000305175781,15.174334879360245,-0.2514970401833796,-0.6526946152238393,ok
RFAC,,,,,no_data
GDST,9.880000114440918,-0.011999988555908203,0.0,0.006072820369170413,ok
AKAN,591216.1875,147803.046875,-0.23428570280816272,-0.05999994291428294,ok
NUBI,,,,,no_data
PLAO,,,,,no_data
LBBB,,,,,no_data
KCAC3,,,,,no_data
SHUA,,,,,no_data
SPCM,,,,,no_data
VMCA,,,,,no_data
FGMC,9.649999618530273,-0.035000038146972653,0.0,0.0,ok
GSRM,,,,,no_data
CLIN,,,,,no_data
ONCO,975800.0,108421.22222222222,-0.2273519163763066,-0.2684668989547038,ok
PWUP,,,,,no_data
AXAC,9.960000038146973,-0.0039999961853027345,0.0,0.0,ok
FTII,9.960000038146973,-0.0039999961853027345,0.0,0.0,ok
MHUA,,,,,no_data
SMFL,8442.0,843.2,-0.593283553169791,-0.6231342994384477,ok
ASCA,,,,,no_data
GENQ,,,,,no_data
DRCT,660.0,119.0,-0.3366666389234138,-0.05,ok
HNRA,,,,,no_data
JGGC,,,,,no_data
MDV,45.18922424316406,0.8075689697265624,-0.7008823759818013,-0.7478176332364349,ok
RACY,,,,,no_data
SGHL,,,,,no_data
TCBP,,,,,no_data
HTCR,80.12702178955078,15.025404357910157,-0.4767676634951086,-0.5515150857293788,ok
SKYX,11.850000381469727,-0.15357140132359096,0.17215188997318928,0.05400838557349143,ok
BYNO,9.899999618530273,-0.010000038146972656,0.0,0.0,ok
CPAQ,,,,,no_data
EVGR,,,,,no_data
LIVB,,,,,no_data
ATAK,,,,,no_data
ACLX,16.799999237060547,0.11999994913736979,0.011904807858458375,0.02261911222453854,ok
NVCT,3.25,-0.35,1.1353846329909105,1.393846218402569,ok
TGR,,,,,no_data
MURF,,,,,no_data
MTEK,3.1500000953674316,-0.24999997729346868,-0.3079365076962272,-0.47936509966880253,ok
ACAX,,,,,no_data
BWAQ,,,,,no_data
CRDO,11.649999618530273,0.16499996185302734,0.1004291943866646,0.4506437915799969,ok
KSCP,295.5,28.55,0.5025380710659898,0.13705583756345177,ok
FGI,19.5,2.25,0.23076923076923078,-0.21025642981896034,ok
KYCH,,,,,no_data
LATG,,,,,no_data
HCMA,,,,,no_data
HMA,,,,,no_data
KNSW,,,,,no_data
BYN,,,,,no_data
DUET,,,,,no_data
GAQ,,,,,no_data
AIBAF,,,,,no_data
TETE,,,,,no_data
TKLF,320.0,79.0,-0.8774999976158142,-0.9131250023841858,ok
ACAB,,,,,no_data
PPYA,9.920000076293945,-0.007999992370605469,0.0,0.0,ok
CSLM,,,,,no_data
TPG,28.904102325439453,-0.020199921171543962,-0.005588134253534726,-0.11735286497875093,ok
WNNR,,,,,no_data
GHIX,,,,,no_data
ITAQ,,,,,no_data
VCXB,,,,,no_data
WAVS,,,,,no_data
BRAC,,,,,no_data
AMLX,18.06999969482422,-0.048947384482935855,0.14056452453924917,0.09684560207830284,ok
CINC,,,,,no_data
CXAC,,,,,no_data
HOUR,7.989999771118164,0.997499942779541,-0.2828535440281247,-0.6633291446460197,ok
VBOC,,,,,no_data
VIGL,,,,,no_data
SCRM,,,,,no_data
CITE,,,,,no_data
IROH,,,,,no_data
LGCB,31.200000762939453,6.800000190734863,-0.37179487492989577,-0.47435899943916615,ok
BAYA,10.010000228881836,0.0010000228881835937,0.0,0.007992000187495605,ok
ZKH,15.5,0.0,0.0038709948139805947,0.029032245759041078,ok
INHD,3328.800048828125,831.2000122070312,-0.891852921557504,-0.9185291972395564,ok
AFJK,10.149999618530273,0.014999961853027344,0.0,0.0,ok
GSIW,2040.0,509.0,-0.26176470588235295,-0.14705882352941177,ok
FEBO,4.440000057220459,-0.1119999885559082,0.11261261116131863,0.128378415386375,ok
CLBR,,,,,no_data
ELAB,400842.09375,100209.5234375,0.1882353610722801,-0.46176467401011323,ok
DDC,155.25,17.264705882352942,-0.02576489533011272,-0.463768115942029,ok
RR,5.25,0.05,-0.12000002179827009,-0.08571424938383557,ok
GLAC,,,,,no_data
SGN,92.63999938964844,17.527999877929688,0.03108805345846946,-0.523316060682676,ok
SHIM,6.400000095367432,-0.0857142720903669,0.015624984866008388,-0.04296876426087671,ok
CRGX,,,,,no_data
HG,14.017682075500488,-0.06548786163330078,0.01266664421555651,0.008000010885386743,ok
AITR,,,,,no_data
ANSC,10.069999694824219,0.006999969482421875,0.0,0.0,ok
GVH,516.0,128.0,-0.3682170542635659,-0.5155038759689923,ok
LXEO,10.050000190734863,-0.08636361902410333,0.07263676899323024,0.5691542446240051,ok
PAPL,45.0,10.25,-0.3600000169542101,-0.022222222222222223,ok
ATGL,4.400000095367432,0.10000002384185791,0.5295454257283335,2.5999999566511685,ok
MNR,12.951706886291504,-0.31833121651097346,-0.0021809387616341215,-0.007088290282882903,ok
NCL,294.3999938964844,57.879998779296876,0.7652174030224634,1.108695654427397,ok
WBUY,640.7999877929688,159.1999969482422,-0.22659173604161287,0.05243451507672209,ok
BIRK,40.20000076293945,-0.12608693993609885,-0.042288575389946036,0.011194048616892334,ok
GMM,5.099999904632568,0.019999980926513672,-0.035294084647946915,1.1372548671283884,ok
LRHC,28000.0,5599.0,-0.32857142857142857,-0.7114285714285714,ok
PMEC,1.4800000190734863,-0.6299999952316284,-0.013513500451867638,1.3581080841617574,ok
GPAK,2.2300000190734863,-0.4424999952316284,-0.448430489438057,-0.6816143621212539,ok
QETA,10.079999923706055,0.007999992370605469,0.0,0.0,ok
SPKL,10.069999694824219,0.006999969482421875,0.0,0.0,ok
MSS,89.5999984741211,21.399999618530273,-0.4330357131453193,-0.03571425226269879,ok
ANL,15.0,-0.34782608695652173,-0.2751333236694336,-0.43199996948242186,ok
SYRA,3.0,-0.27360774818401934,-0.039999961853027344,-0.553000013033549,ok
VSME,26.670000076293945,4.334000015258789,-0.4041994638970086,-0.821522301639855,ok
LRE,6.199999809265137,-0.1142857415335519,-0.03225803474481751,-0.12096774565689782,ok
TURB,5.010000228881836,0.0020000457763671873,-0.5169660747033425,-0.678642726396752,ok
MDBH,12.5,0.041666666666666664,-0.09360000610351563,-0.10959999084472656,ok
KVYO,32.7599983215332,0.09199994405110677,0.07051286604531502,-0.11446881211182747,ok
CART,33.70000076293945,0.12333335876464843,-0.11305641801293216,-0.2750741913323062,ok
DTCK,101.0,24.25,-0.32673267326732675,-0.4633663290798074,ok
NMRA,16.25,-0.04411764705882353,-0.3212307856633113,-0.3243077204777644,ok
RYZB,,,,,no_data
ARM,63.59000015258789,0.24686274808995864,-0.17974524733053676,-0.18084604454167452,ok
SPPL,39.20000076293945,6.466666811988468,-0.03693882228036175,0.022449006402755146,ok
NWGL,9.600000381469727,0.06666670905219184,-0.07291674324207531,-0.03145833685166292,ok
IVP,,,,,no_data
NNAG,,,,,no_data
SPGC,,,,,no_data
SRM,,,,,no_data
LQR,,,,,no_data
NRXS,6.0,0.0,-0.22333335876464844,-0.3166666825612386,ok
MIRA,,,,,no_data
CTNT,110.4000015258789,26.600000381469727,-0.6521739040295434,-0.694202917980762,ok
HRYU,,,,,no_data
PXDT,,,,,no_data
PRZO,,,,,no_data
SRFM,,,,,no_data
HYAC,10.170000076293945,0.01700000762939453,0.0,0.0,ok
ELWS,,,,,no_data
JNVR,,,,,no_data
KVAC,,,,,no_data
WRNT,,,,,no_data
TSBX,,,,,no_data
ODD,,,,,no_data
APGE,,,,,no_data
NETD,,,,,no_data
SGMT,,,,,no_data
BOWN,,,,,no_data
SXTP,,,,,no_data
PWM,,,,,no_data
INTS,149.0,28.8,-0.026845637583892617,-0.040268456375838924,ok
VTMX,,,,,no_data
FIHL,12.35171127319336,-0.11773490905761719,0.0674419929788411,0.07596913086675518,ok
KGS,,,,,no_data
SVV,,,,,no_data
BUJA,,,,,no_data
GENK,,,,,no_data
AZTR,,,,,no_data
BOF,,,,,no_data
CAVA,,,,,no_data
ESHA,10.09000015258789,0.009000015258789063,0.0019821113763041896,0.010901848861621008,ok
ATMU,,,,,no_data
ATS,43.11000061035156,0.051463429520769814,0.031083278441571865,0.050336305688296674,ok
IPXX,,,,,no_data
CWD,,,,,no_data
SGE,,,,,no_data
ALCY,,,,,no_data
SLRN,,,,,no_data
KVUE,,,,,no_data
GODN,,,,,no_data
TRNR,,,,,no_data
AACT,,,,,no_data
JYD,,,,,no_data
UCAR,,,,,no_data
USGO,,,,,no_data
WLGS,,,,,no_data
TPET,,,,,no_data
WAI,2625.0,655.25,-0.05952380952380952,1.0833333333333333,ok
GDTC,,,,,no_data
VCIG,,,,,no_data
GDHG,,,,,no_data
ARBB,,,,,no_data
ISPR,,,,,no_data
MGIH,,,,,no_data
MWG,,,,,no_data
HKIT,278.0,54.6,-0.12589928057553956,0.13489208633093525,ok
HSHP,,,,,no_data
SFWL,,,,,no_data
SYT,,,,,no_data
CHSN,,,,,no_data
HLP,,,,,no_data
TBMC,,,,,no_data
TMTC,,,,,no_data
YGFGF,3.890000104904175,-0.0274999737739563,-0.05912596731900399,-0.049537311679206525,ok
ZJYL,,,,,no_data
OAKU,,,,,no_data
BANL,4.420000076293945,0.10500001907348633,1.2624433998618252,3.4999997842365835,ok
MGRX,,,,,no_data
OMH,,,,,no_data
FORL,,,,,no_data
ICG,,,,,no_data
IZM,,,,,no_data
AESI,,,,,no_data
AIXI,,,,,no_data
BMR,,,,,no_data
SBXC,,,,,no_data
DIST,,,,,no_data
GXAI,,,,,no_data
BFRG,,,,,no_data
MARX,,,,,no_data
BLAC,,,,,no_data
ENLT,,,,,no_data
MLYS,18.440000534057617,0.15250003337860107,-0.02765727842251929,-0.12147503829953875,ok
PTHR,,,,,no_data
HSAI,,,,,no_data
LSDIF,,,,,no_data
NXT,,,,,no_data
LICN,,,,,no_data
ASST,,,,,no_data
GPCR,,,,,no_data
CETU,,,,,no_data
BREA,,,,,no_data
TXO,15.566061973571777,-0.22169690132141112,0.04136385054489288,0.07909099748140554,ok
GNLX,,,,,no_data
CVKD,,,,,no_data
ISRL,,,,,no_data
MGOL,,,,,no_data
SKWD,,,,,no_data
ONEG,,,,,no_data
HIT,,,,,no_data
TDAC,,,,,no_data
RANG,,,,,no_data
YAAS,,,,,no_data
LSE,,,,,no_data
NCEW,20.31999969482422,4.079999923706055,-0.17322837158606177,-0.32283462423541787,ok
YSXT,,,,,no_data
AVR,,,,,no_data
DRDB,,,,,no_data
MLAC,9.949999809265137,-0.005000019073486328,0.0,0.0,ok
NTCL,,,,,no_data
TTAN,,,,,no_data
JACS,,,,,no_data
NAMI,,,,,no_data
LNKS,1082.5,269.625,0.15704387990762125,-0.6397228637413395,ok
SPHA,,,,,no_data
ZSPC,,,,,no_data
TAVI,,,,,no_data
JUNS,,,,,no_data
BRIA,,,,,no_data
GRO,,,,,no_data
PONY,,,,,no_data
VENU,,,,,no_data
CGTL,,,,,no_data
FACT,9.880000114440918,-0.011999988555908203,0.0,-0.0030364101845852063,ok
WYHG,4.239999771118164,0.059999942779541016,0.04952831355733585,0.3325472642366264,ok
IPST,,,,,no_data
MSW,,,,,no_data
DYNX,,,,,no_data
ETHM,,,,,no_data
NOEM,,,,,no_data
HSPT,,,,,no_data
ASPC,,,,,no_data
WLAC,,,,,no_data
GSRT,,,,,no_data
BACQ,,,,,no_data
NTWO,,,,,no_data
GELS,,,,,no_data
PLRZ,,,,,no_data
SEPN,21.399999618530273,0.1888888676961263,0.018224359997622053,0.08644861749753538,ok
WRD,,,,,no_data
BEAG,,,,,no_data
CHAR,,,,,no_data
INGM,,,,,no_data
OACC,,,,,no_data
FGL,,,,,no_data
LBGJ,,,,,no_data
ROLR,,,,,no_data
SAG,,,,,no_data
ALDF,,,,,no_data
HUHU,,,,,no_data
ORIS,,,,,no_data
SPHL,,,,,no_data
PTLE,,,,,no_data
SFHG,,,,,no_data
CAMP,,,,,no_data
CBLL,,,,,no_data
CCIR,,,,,no_data
RDAC,,,,,no_data
UPB,,,,,no_data
CLIK,,,,,no_data
KLC,,,,,no_data
LPBB,,,,,no_data
SKK,60.5,14.125,-0.49586776859504134,0.12396694214876033,ok
CBNA,,,,,no_data
FLX,,,,,no_data
FVR,17.095354080200195,-0.10024452209472656,0.00427351047190253,0.0026709022057508467,ok
SARO,,,,,no_data
WCT,,,,,no_data
HTLM,3.889349937438965,-0.02766251564025879,0.05721396206586161,0.047263686471671014,ok
ZJK,,,,,no_data
BIOA,,,,,no_data
BKV,,,,,no_data
GRDN,,,,,no_data
IBG,,,,,no_data
LGCY,,,,,no_data
PC,,,,,no_data
CAPN,,,,,no_data
GLE,,,,,no_data
YHNA,,,,,no_data
IBO,,,,,no_data
KAPA,,,,,no_data
BCAX,,,,,no_data
MBX,,,,,no_data
ZBIO,,,,,no_data
FVN,,,,,no_data
GLXG,,,,,no_data
TDTH,,,,,no_data
XCH,,,,,no_data
POLE,,,,,no_data
VCIC,,,,,no_data
PMAX,,,,,no_data
GIG,,,,,no_data
AZI,,,,,no_data
BSII,,,,,no_data
SPAI,,,,,no_data
JBDI,,,,,no_data
RITR,,,,,no_data
WOK,,,,,no_data
HOND,,,,,no_data
SBXD,,,,,no_data
YXT,,,,,no_data
ACTU,,,,,no_data
CEP,,,,,no_data
VACH,,,,,no_data
EQV,,,,,no_data
AAM,,,,,no_data
MBAV,,,,,no_data
OSTX,,,,,no_data
NIPG,9.020000457763672,0.0022222730848524305,0.008869170692469019,-0.11807100665288245,ok
CON,,,,,no_data
DTSQ,,,,,no_data
LINE,,,,,no_data
ORKT,,,,,no_data
BLMZ,,,,,no_data
OS,,,,,no_data
ARTV,,,,,no_data
QMMM,,,,,no_data
ARDT,,,,,no_data
TWFG,,,,,no_data
ICON,,,,,no_data
LPAA,,,,,no_data
SIMA,,,,,no_data
EHGO,52.15999984741211,12.039999961853027,-0.43865029194208827,-0.4907975547614933,ok
EURK,,,,,no_data
ALMS,,,,,no_data
LB,,,,,no_data
LSH,,,,,no_data
TBN,,,,,no_data
WBTN,23.0,0.09523809523809523,-0.14565219049868378,-0.07695654164189877,ok
GRAF,,,,,no_data
RECT,,,,,no_data
CUB,,,,,no_data
FSHP,,,,,no_data
MACI,,,,,no_data
TEM,,,,,no_data
PCSC,,,,,no_data
ALF,,,,,no_data
CHEB,,,,,no_data
RAPP,,,,,no_data
WAY,,,,,no_data
FLYE,,,,,no_data
GAUZ,,,,,no_data
BOW,,,,,no_data
HDL,,,,,no_data
RFAI,,,,,no_data
JDZG,,,,,no_data
RAY,,,,,no_data
BTOC,,,,,no_data
ZK,,,,,no_data
GPAT,,,,,no_data
PAL,,,,,no_data
SVCO,,,,,no_data
NNE,,,,,no_data
CCIX,,,,,no_data
VIK,,,,,no_data
ZONE,,,,,no_data
LOAR,,,,,no_data
MRX,,,,,no_data
RBRK,,,,,no_data
NCI,,,,,no_data
MFI,,,,,no_data
YYGH,,,,,no_data
TRSG,,,,,no_data
CDTG,,,,,no_data
CTRI,,,,,no_data
IBTA,98.0,0.11363636363636363,0.06816326842016103,0.08571430128447864,ok
MTEN,,,,,no_data
JUNE,,,,,no_data
TWG,,,,,no_data
ULS,,,,,no_data
PACS,,,,,no_data
MNDR,,,,,no_data
CTNM,,,,,no_data
MAMO,,,,,no_data
ZBAO,,,,,no_data
BOLD,,,,,no_data
MMA,,,,,no_data
UBXG,,,,,no_data
IBAC,,,,,no_data
AUNA,,,,,no_data
BKHA,,,,,no_data
LOBO,,,,,no_data
RDDT,,,,,no_data
ALAB,,,,,no_data
INTJ,,,,,no_data
RYDE,,,,,no_data
LGCL,,,,,no_data
SMXT,,,,,no_data
VHAI,,,,,no_data
DYCQ,,,,,no_data
CHRO,,,,,no_data
UMAC,,,,,no_data
HLXB,,,,,no_data
MGX,,,,,no_data
TBBB,,,,,no_data
TELO,,,,,no_data
KYTX,,,,,no_data
PMNT,,,,,no_data
AHR,,,,,no_data
LEGT,,,,,no_data
ANRO,20.700000762939453,0.2937500476837158,-0.200483158112193,-0.2410628280616492,ok
GUTS,12.850000381469727,-0.14333330790201823,-0.21945529687027104,-0.21089493834217418,ok
AS,13.399999618530273,0.030769201425405648,0.13283587591928156,0.29402989897172555,ok
FBLG,,,,,no_data
AVBP,20.0,0.1111111111111111,0.09250001907348633,-0.05299997329711914,ok
BTSG,,,,,no_data
HAO,5.28000020980835,0.3200000524520874,0.25946966498488255,0.4337120967531455,ok
CGON,37.16999816894531,0.9563156931023848,0.020984735873509273,0.23782621974874105,ok
YIBO,,,,,no_data
JL,6.794520378112793,0.3589040756225586,0.780913966609358,1.6465054527493654,ok
SUGP,,,,,no_data
JVSA,,,,,no_data
KSPI,,,,,no_data
CCTG,,,,,no_data
PSBD,12.231144905090332,-0.2564653553136576,0.008029607139334526,0.024088977359957305,ok
SYNX,3.609999895095825,-0.0975000262260437,-0.14958448131442215,-0.11080328769323546,ok
SDHC,24.0,0.14285714285714285,0.01708332697550456,0.14666668574015299,ok
ROMA,,,,,no_data
